<step title="Incoming Request" date="2025-08-03T21:50:39.577" instance="a9435e" url="/api/zipdeploy?isAsync=true" method="POST" type="request" pid="772,1,7" Accept="*/*" Host="acidtech-prod-app.scm.azurewebsites.net" User-Agent="AZURECLI/2.75.0 (MSI)" Accept-Encoding="gzip, deflate" Authorization="Bas..." Cache-Control="no-cache" Content-Type="application/octet-stream" Cookie="ARRAffinity=a9435e7d7a3e9b539a5af095a111213d4b0d6072fcd2fbc4d33c4b2c5ff53cab; ARRAffinitySameSite=a9435e7d7a3e9b539a5af095a111213d4b0d6072fcd2fbc4d33c4b2c5ff53cab" Content-Length="104240221" x-ms-client-request-id="bd95f9af-70b3-11f0-8d1d-9cb15093b0ab" x-ms-artifact-checksum="1f6a7ec67ad7335a716060a748c4157fe902300fe8dc4b408640a347320171ea" X-ARR-LOG-ID="bd95f9af-70b3-11f0-8d1d-9cb15093b0ab" CLIENT-IP="24.155.36.97:52217" X-SITE-DEPLOYMENT-ID="acidtech-prod-app" WAS-DEFAULT-HOSTNAME="acidtech-prod-app.scm.azurewebsites.net" X-Forwarded-Proto="https" X-AppService-Proto="https" X-Forwarded-TlsVersion="1.3" X-WAWS-Unencoded-URL="/api/zipdeploy?isAsync=true" X-Client-IP="24.155.36.97" X-Client-Port="52217" >
  <step title="ZipPushDeploy" date="2025-08-03T21:50:39.853" >
    <step title="ZipDeploy. Extract zip. Remote build." date="2025-08-03T21:50:39.906" /><!-- duration: 8ms -->
    <step title="None repository commit" date="2025-08-03T21:50:39.935" >
      <step title="Commit id: 5abd094d-e8df-4456-8f60-19d3ee5df821" date="2025-08-03T21:50:39.944" Message="N/A" AuthorName="N/A" AuthorEmail="N/A" /><!-- duration: 23ms -->
    </step><!-- duration: 39ms -->
    <step title="Starting PushDeployAsync" date="2025-08-03T21:50:39.981" /><!-- duration: 4ms -->
    <step title="Writing artifact to /tmp/zipdeploy/1fe32346-dbee-4fa1-ac8d-606086f224ef.zip" date="2025-08-03T21:50:40.019" >
      <step title="Writing multipart request body to /tmp/zipdeploy/1fe32346-dbee-4fa1-ac8d-606086f224ef.zip" date="2025-08-03T21:50:40.023" /><!-- duration: 9ms -->
    </step><!-- duration: 28368ms -->
    <step title="Start deployment in the background" date="2025-08-03T21:51:08.457" >
      <step title="Acquiring Deployment Lock" date="2025-08-03T21:51:08.537" /><!-- duration: 37ms -->
      <step title="Acquired Deployment Lock" date="2025-08-03T21:51:08.728" /><!-- duration: 15ms -->
    </step><!-- duration: 567ms -->
  </step><!-- duration: 29194ms -->
  <step title="Outgoing response" date="2025-08-03T21:51:09.098" type="response" statusCode="202" statusText="Accepted" /><!-- duration: 9ms -->
</step><!-- duration: 29539ms -->
