<step title="BackgroundTrace" date="2025-08-04T01:11:56.914" instance="a9435e" url="/api/zipdeploy" method="POST" >
  <step title="Cleanup Xml Logs" date="2025-08-04T01:11:56.925" >
    <step title="Cleanup Infos" date="2025-08-04T01:11:56.985" totalFiles="427" totalCleanup="267" /><!-- duration: 10ms -->
  </step><!-- duration: 77ms -->
  <step title="Creating temporary deployment - FetchDeploymentManager" date="2025-08-04T01:11:57.170" /><!-- duration: 8ms -->
  <step title="Creating temporary deployment" date="2025-08-04T01:11:57.207" /><!-- duration: 196ms -->
  <step title="Performing fetch based deployment" date="2025-08-04T01:11:57.594" >
    <step title="Cleaning up temp folders from previous zip deployments and extracting pushed zip file /tmp/zipdeploy/81af49c5-f9ed-45d9-ac62-357810f9a119.zip (83.87 MB) to /tmp/zipdeploy/extracted" date="2025-08-04T01:11:59.127" >
      <step title="ChmodRecursive Process exited with total time taken in ms: 232" date="2025-08-04T01:13:24.635" /><!-- duration: 26ms -->
    </step><!-- duration: 85543ms -->
    <step title="Deployment timer started" date="2025-08-04T01:13:26.722" >
      <step title="DeploymentManager.Deploy(id:03469875-c258-4caa-afe7-0b15fe799617)" date="2025-08-04T01:13:26.743" >
        <step title="Collecting changeset information" date="2025-08-04T01:13:26.783" /><!-- duration: 185ms -->
        <step title="Updating submodules" date="2025-08-04T01:13:26.979" /><!-- duration: 1178ms -->
        <step title="Determining deployment builder" date="2025-08-04T01:13:28.502" >
          <step title="Builder is BasicBuilder" date="2025-08-04T01:13:28.520" /><!-- duration: 3ms -->
        </step><!-- duration: 30ms -->
        <step title="PreDeployment: context.CleanOutputPath False" date="2025-08-04T01:13:28.623" >
          <step title="PreDeployment: context.OutputPath /home/site/wwwroot" date="2025-08-04T01:13:28.738" >
            <step title="Building" date="2025-08-04T01:13:28.869" >
              <step title="Executing external process" date="2025-08-04T01:13:29.439" type="process" path="starter.sh" arguments="/opt/Kudu/Scripts/parallel_rsync.sh /tmp/zipdeploy/extracted /home/site/wwwroot 8 /tmp/ False True  " >
                <step title="Cpu: rsync(1728,0.090s)+rsync(1713,0.090s)+rsync(1699,1.670s)+bash(1697,0.010s)+rsync(1732,0.150s)+rsync(1717,0.070s)+rsync(1702,2.210s)+bash(1698,0.020s)+rsync(1734,0.080s)+rsync(1719,0.090s)+rsync(1706,1.900s)+bash(1700,0.020s)+rsync(1736,0.040s)+rsync(1714,0.060s)+rsync(1705,2.200s)+bash(1701,0.010s)+rsync(1735,0.020s)+rsync(1718,0.050s)+rsync(1709,2.000s)+bash(1703,0.010s)+rsync(1730,0.120s)+rsync(1715,0.090s)+rsync(1712,1.840s)+bash(1704,0.010s)+rsync(1733,0.080s)+rsync(1716,0.130s)+rsync(1710,1.900s)+bash(1707,0.010s)+rsync(1731,0.100s)+rsync(1720,0.080s)+rsync(1711,1.790s)+bash(1708,0.000s)+xargs(1696,0.010s)+parallel_rsync.sh(1683,0.040s)=total(16.990s)" date="2025-08-04T01:14:34.081" /><!-- duration: 228ms -->
                <step title="starter.sh: no io activity for 61s, prev-cpu=-1.000s, current-cpu=16.990s" date="2025-08-04T01:14:34.408" /><!-- duration: 194ms -->
                <step title="Cpu: rsync(1728,0.370s)+rsync(1713,0.210s)+rsync(1699,1.790s)+bash(1697,0.010s)+rsync(1732,0.530s)+rsync(1717,0.290s)+rsync(1702,2.680s)+bash(1698,0.020s)+rsync(1734,0.360s)+rsync(1719,0.270s)+rsync(1706,2.100s)+bash(1700,0.020s)+rsync(1736,0.360s)+rsync(1714,0.210s)+rsync(1705,2.380s)+bash(1701,0.010s)+rsync(1735,0.300s)+rsync(1718,0.200s)+rsync(1709,2.240s)+bash(1703,0.010s)+rsync(1730,0.330s)+rsync(1715,0.300s)+rsync(1712,2.010s)+bash(1704,0.010s)+rsync(1733,0.410s)+rsync(1716,0.250s)+rsync(1710,2.090s)+bash(1707,0.010s)+rsync(1731,0.360s)+rsync(1720,0.240s)+rsync(1711,2.000s)+bash(1708,0.000s)+xargs(1696,0.010s)+parallel_rsync.sh(1683,0.040s)=total(22.420s)" date="2025-08-04T01:15:35.603" /><!-- duration: 101ms -->
                <step title="starter.sh: no io activity for 122s, prev-cpu=16.990s, current-cpu=22.420s" date="2025-08-04T01:15:35.864" /><!-- duration: 113ms -->
                <step title="Cpu: rsync(1728,0.960s)+rsync(1713,0.240s)+rsync(1699,2.590s)+bash(1697,0.010s)+rsync(1732,0.940s)+rsync(1717,0.310s)+rsync(1702,2.910s)+bash(1698,0.020s)+rsync(1734,1.170s)+rsync(1719,0.300s)+rsync(1706,3.450s)+bash(1700,0.020s)+rsync(1736,0.720s)+rsync(1714,0.300s)+rsync(1705,2.540s)+bash(1701,0.010s)+rsync(1735,0.670s)+rsync(1718,0.220s)+rsync(1709,2.620s)+bash(1703,0.010s)+rsync(1730,0.680s)+rsync(1715,0.300s)+rsync(1712,2.190s)+bash(1704,0.010s)+rsync(1733,0.840s)+rsync(1716,0.250s)+rsync(1710,2.420s)+bash(1707,0.010s)+rsync(1731,1.080s)+rsync(1720,0.250s)+rsync(1711,2.960s)+bash(1708,0.000s)+xargs(1696,0.010s)+parallel_rsync.sh(1683,0.040s)=total(31.050s)" date="2025-08-04T01:16:37.248" /><!-- duration: 99ms -->
                <step title="starter.sh: no io activity for 184s, prev-cpu=22.420s, current-cpu=31.050s" date="2025-08-04T01:16:37.689" /><!-- duration: 263ms -->
                <step title="Cpu: rsync(1728,1.220s)+rsync(1713,0.240s)+rsync(1699,2.710s)+bash(1697,0.010s)+rsync(1732,1.200s)+rsync(1717,0.310s)+rsync(1702,2.980s)+bash(1698,0.020s)+rsync(1734,1.420s)+rsync(1719,0.300s)+rsync(1706,3.610s)+bash(1700,0.020s)+rsync(1736,0.950s)+rsync(1714,0.300s)+rsync(1705,2.650s)+bash(1701,0.010s)+rsync(1735,0.890s)+rsync(1718,0.220s)+rsync(1709,2.680s)+bash(1703,0.010s)+rsync(1730,0.930s)+rsync(1715,0.300s)+rsync(1712,2.260s)+bash(1704,0.010s)+rsync(1733,1.070s)+rsync(1716,0.250s)+rsync(1710,2.550s)+bash(1707,0.010s)+rsync(1731,1.290s)+rsync(1720,0.250s)+rsync(1711,2.990s)+bash(1708,0.000s)+xargs(1696,0.010s)+parallel_rsync.sh(1683,0.040s)=total(33.690s)" date="2025-08-04T01:17:42.144" /><!-- duration: 445ms -->
                <step title="starter.sh: no io activity for 246s, prev-cpu=31.050s, current-cpu=33.690s" date="2025-08-04T01:17:42.877" /><!-- duration: 398ms -->
                <step title="Cpu: rsync(1728,1.460s)+rsync(1713,0.240s)+rsync(1699,3.010s)+bash(1697,0.010s)+rsync(1732,1.370s)+rsync(1717,0.310s)+rsync(1702,3.000s)+bash(1698,0.020s)+rsync(1734,1.610s)+rsync(1719,0.300s)+rsync(1706,3.780s)+bash(1700,0.020s)+rsync(1736,1.170s)+rsync(1714,0.300s)+rsync(1705,2.680s)+bash(1701,0.010s)+rsync(1735,1.070s)+rsync(1718,0.220s)+rsync(1709,2.720s)+bash(1703,0.010s)+rsync(1730,1.110s)+rsync(1715,0.300s)+rsync(1712,2.340s)+bash(1704,0.010s)+rsync(1733,1.240s)+rsync(1716,0.250s)+rsync(1710,2.740s)+bash(1707,0.010s)+rsync(1731,1.470s)+rsync(1720,0.250s)+rsync(1711,3.250s)+bash(1708,0.000s)+xargs(1696,0.010s)+parallel_rsync.sh(1683,0.040s)=total(36.260s)" date="2025-08-04T01:18:46.379" /><!-- duration: 335ms -->
                <step title="starter.sh: no io activity for 311s, prev-cpu=33.690s, current-cpu=36.260s" date="2025-08-04T01:18:46.927" /><!-- duration: 660ms -->
                <step title="Cpu: rsync(1728,1.840s)+rsync(1713,0.240s)+rsync(1699,3.240s)+bash(1697,0.010s)+rsync(1732,1.700s)+rsync(1717,0.310s)+rsync(1702,3.170s)+bash(1698,0.020s)+rsync(1734,1.920s)+rsync(1719,0.300s)+rsync(1706,4.100s)+bash(1700,0.020s)+rsync(1736,1.480s)+rsync(1714,0.300s)+rsync(1705,2.960s)+bash(1701,0.010s)+rsync(1735,1.440s)+rsync(1718,0.220s)+rsync(1709,2.920s)+bash(1703,0.010s)+rsync(1730,1.430s)+rsync(1715,0.300s)+rsync(1712,2.470s)+bash(1704,0.010s)+rsync(1733,1.480s)+rsync(1716,0.250s)+rsync(1710,3.020s)+bash(1707,0.010s)+rsync(1731,1.780s)+rsync(1720,0.250s)+rsync(1711,3.700s)+bash(1708,0.000s)+xargs(1696,0.010s)+parallel_rsync.sh(1683,0.040s)=total(40.880s)" date="2025-08-04T01:19:51.939" /><!-- duration: 249ms -->
                <step title="starter.sh: no io activity for 375s, prev-cpu=36.260s, current-cpu=40.880s" date="2025-08-04T01:19:52.519" /><!-- duration: 756ms -->
                <step title="Cpu: rsync(1728,2.000s)+rsync(1713,0.240s)+rsync(1699,3.340s)+bash(1697,0.010s)+rsync(1732,1.890s)+rsync(1717,0.310s)+rsync(1702,3.270s)+bash(1698,0.020s)+rsync(1734,2.140s)+rsync(1719,0.300s)+rsync(1706,4.270s)+bash(1700,0.020s)+rsync(1736,1.710s)+rsync(1714,0.300s)+rsync(1705,3.090s)+bash(1701,0.010s)+rsync(1735,1.620s)+rsync(1718,0.220s)+rsync(1709,3.020s)+bash(1703,0.010s)+rsync(1730,1.630s)+rsync(1715,0.300s)+rsync(1712,2.630s)+bash(1704,0.010s)+rsync(1733,1.650s)+rsync(1716,0.250s)+rsync(1710,3.050s)+bash(1707,0.010s)+rsync(1731,2.020s)+rsync(1720,0.250s)+rsync(1711,4.090s)+bash(1708,0.000s)+xargs(1696,0.010s)+parallel_rsync.sh(1683,0.040s)=total(43.710s)" date="2025-08-04T01:20:57.085" /><!-- duration: 588ms -->
                <step title="starter.sh: no io activity for 441s, prev-cpu=40.880s, current-cpu=43.710s" date="2025-08-04T01:20:57.890" /><!-- duration: 236ms -->
                <step title="Cpu: rsync(1728,2.200s)+rsync(1713,0.240s)+rsync(1699,3.580s)+bash(1697,0.010s)+rsync(1732,2.100s)+rsync(1717,0.310s)+rsync(1702,3.270s)+bash(1698,0.020s)+rsync(1734,2.350s)+rsync(1719,0.300s)+rsync(1706,4.360s)+bash(1700,0.020s)+rsync(1736,1.920s)+rsync(1714,0.300s)+rsync(1705,3.240s)+bash(1701,0.010s)+rsync(1735,1.880s)+rsync(1718,0.220s)+rsync(1709,3.080s)+bash(1703,0.010s)+rsync(1730,1.850s)+rsync(1715,0.300s)+rsync(1712,2.770s)+bash(1704,0.010s)+rsync(1733,1.820s)+rsync(1716,0.250s)+rsync(1710,3.050s)+bash(1707,0.010s)+rsync(1731,2.280s)+rsync(1720,0.250s)+rsync(1711,4.580s)+bash(1708,0.000s)+xargs(1696,0.010s)+parallel_rsync.sh(1683,0.040s)=total(46.580s)" date="2025-08-04T01:22:09.687" /><!-- duration: 224ms -->
                <step title="starter.sh: no io activity for 507s, prev-cpu=43.710s, current-cpu=46.580s" date="2025-08-04T01:22:10.306" /><!-- duration: 744ms -->
                <step title="Cpu: rsync(1728,2.360s)+rsync(1713,0.240s)+rsync(1699,3.600s)+bash(1697,0.010s)+rsync(1732,2.190s)+rsync(1717,0.310s)+rsync(1702,3.270s)+bash(1698,0.020s)+rsync(1734,2.480s)+rsync(1719,0.300s)+rsync(1706,4.460s)+bash(1700,0.020s)+rsync(1736,2.080s)+rsync(1714,0.300s)+rsync(1705,3.280s)+bash(1701,0.010s)+rsync(1735,2.010s)+rsync(1718,0.220s)+rsync(1709,3.160s)+bash(1703,0.010s)+rsync(1730,1.980s)+rsync(1715,0.300s)+rsync(1712,2.830s)+bash(1704,0.010s)+rsync(1733,1.950s)+rsync(1716,0.250s)+rsync(1710,3.050s)+bash(1707,0.010s)+rsync(1731,2.420s)+rsync(1720,0.250s)+rsync(1711,4.810s)+bash(1708,0.000s)+xargs(1696,0.010s)+parallel_rsync.sh(1683,0.040s)=total(48.230s)" date="2025-08-04T01:23:17.543" /><!-- duration: 1028ms -->
                <step title="starter.sh: no io activity for 579s, prev-cpu=46.580s, current-cpu=48.230s" date="2025-08-04T01:23:19.269" /><!-- duration: 506ms -->
