<step title="Incoming Request" date="2025-08-04T00:26:36.447" instance="a9435e" url="/api/deployments/latest?deployer=GITHUB_ZIP_DEPLOY&amp;time=2025-08-04_00-26-30Z" method="GET" type="request" pid="774,1,16" Host="acidtech-prod-app.scm.azurewebsites.net" User-Agent="GITHUBACTIONS_DeployWebAppToAzure_e958af9366e8395e6b2bb4507020a2fe0ec2784e8d610cec1db108700a017e44" Authorization="Bas..." Content-Type="application/json; charset=utf-8" Cookie="ARRAffinity=a9435e7d7a3e9b539a5af095a111213d4b0d6072fcd2fbc4d33c4b2c5ff53cab;Path=/;HttpOnly;Secure;Domain=acidtech-prod-app.scm.azurewebsites.net; ARRAffinitySameSite=a9435e7d7a3e9b539a5af095a111213d4b0d6072fcd2fbc4d33c4b2c5ff53cab;Path=/;HttpOnly;SameSite=None;Secure;Domain=acidtech-prod-app.scm.azurewebsites.net" Content-Length="0" X-ARR-LOG-ID="1dfabb57-2e3f-4a85-b818-354d8171ea72" CLIENT-IP="64.236.153.83:51201" X-SITE-DEPLOYMENT-ID="acidtech-prod-app" WAS-DEFAULT-HOSTNAME="acidtech-prod-app.scm.azurewebsites.net" X-Forwarded-Proto="https" X-AppService-Proto="https" X-Forwarded-TlsVersion="1.3" X-WAWS-Unencoded-URL="/api/deployments/latest?deployer=GITHUB_ZIP_DEPLOY&amp;time=2025-08-04_00-26-30Z" X-Client-IP="64.236.153.83" X-Client-Port="51201" >
  <step title="Cleanup Xml Logs" date="2025-08-04T00:26:36.475" >
    <step title="Cleanup Infos" date="2025-08-04T00:26:36.525" totalFiles="313" totalCleanup="153" /><!-- duration: 4ms -->
  </step><!-- duration: 84ms -->
  <step title="DeploymentService.GetResult" date="2025-08-04T00:26:36.595" >
    <step title="DeploymentService.GetLatestDeployment" date="2025-08-04T00:26:36.607" >
      <step title="DeploymentManager.GetResults" date="2025-08-04T00:26:36.629" /><!-- duration: 511ms -->
    </step><!-- duration: 543ms -->
  </step><!-- duration: 565ms -->
  <step title="Outgoing response" date="2025-08-04T00:26:37.190" type="response" statusCode="202" statusText="Accepted" /><!-- duration: 19ms -->
</step><!-- duration: 791ms -->
