<step title="BackgroundTrace" date="2025-08-04T00:20:53.515" instance="a9435e" url="/api/zipdeploy" method="POST" >
  <step title="Cleanup Xml Logs" date="2025-08-04T00:20:53.563" >
    <step title="Cleanup Infos" date="2025-08-04T00:20:53.606" totalFiles="291" totalCleanup="131" /><!-- duration: 10ms -->
  </step><!-- duration: 61ms -->
  <step title="Creating temporary deployment - FetchDeploymentManager" date="2025-08-04T00:20:54.342" /><!-- duration: 7ms -->
  <step title="Creating temporary deployment" date="2025-08-04T00:20:54.392" /><!-- duration: 294ms -->
  <step title="Performing fetch based deployment" date="2025-08-04T00:20:55.276" >
    <step title="Cleaning up temp folders from previous zip deployments and extracting pushed zip file /tmp/zipdeploy/5c899d69-aab7-4a35-9080-dff890ca8be7.zip (20.69 MB) to /tmp/zipdeploy/extracted" date="2025-08-04T00:20:56.546" >
      <step title="ChmodRecursive Process exited with total time taken in ms: 950" date="2025-08-04T00:21:24.175" /><!-- duration: 19ms -->
    </step><!-- duration: 27677ms -->
    <step title="Deployment timer started" date="2025-08-04T00:21:26.318" >
      <step title="DeploymentManager.Deploy(id:93912a41-b4b6-4aaf-a98c-93a1a383d746)" date="2025-08-04T00:21:26.346" >
        <step title="Collecting changeset information" date="2025-08-04T00:21:26.428" /><!-- duration: 247ms -->
        <step title="Updating submodules" date="2025-08-04T00:21:26.696" /><!-- duration: 1412ms -->
        <step title="Determining deployment builder" date="2025-08-04T00:21:28.952" >
          <step title="Builder is BasicBuilder" date="2025-08-04T00:21:29.062" /><!-- duration: 38ms -->
        </step><!-- duration: 188ms -->
        <step title="PreDeployment: context.CleanOutputPath False" date="2025-08-04T00:21:29.250" >
          <step title="PreDeployment: context.OutputPath /home/site/wwwroot" date="2025-08-04T00:21:29.588" >
            <step title="Building" date="2025-08-04T00:21:29.967" >
              <step title="Executing external process" date="2025-08-04T00:21:30.654" type="process" path="starter.sh" arguments="/opt/Kudu/Scripts/parallel_rsync.sh /tmp/zipdeploy/extracted /home/site/wwwroot 8 /tmp/ False True  " >
                <step title="Cpu: rsync(865,0.060s)+rsync(845,0.090s)+rsync(837,0.540s)+bash(835,0.000s)+rsync(873,0.000s)+rsync(847,0.070s)+rsync(841,0.740s)+bash(836,0.010s)+rsync(874,0.010s)+rsync(846,0.070s)+rsync(843,0.880s)+bash(838,0.000s)+rsync(872,0.020s)+rsync(852,0.070s)+rsync(850,0.690s)+bash(839,0.020s)+rsync(868,0.050s)+rsync(857,0.070s)+rsync(854,0.740s)+bash(844,0.020s)+rsync(869,0.020s)+rsync(856,0.070s)+rsync(853,0.670s)+bash(848,0.000s)+rsync(871,0.010s)+rsync(859,0.060s)+rsync(858,0.740s)+bash(849,0.010s)+rsync(866,0.060s)+rsync(861,0.080s)+rsync(860,0.570s)+bash(851,0.020s)+xargs(834,0.010s)+parallel_rsync.sh(826,0.030s)=total(6.480s)" date="2025-08-04T00:22:40.644" /><!-- duration: 182ms -->
                <step title="starter.sh: no io activity for 60s, prev-cpu=-1.000s, current-cpu=6.480s" date="2025-08-04T00:22:41.075" /><!-- duration: 473ms -->
