<step title="Incoming Request" date="2025-08-04T01:17:26.856" instance="a9435e" url="/api/deployments/latest?deployer=GITHUB_ZIP_DEPLOY&amp;time=2025-08-04_01-11-57Z" method="GET" type="request" pid="774,1,17" Host="acidtech-prod-app.scm.azurewebsites.net" User-Agent="GITHUBACTIONS_DeployWebAppToAzure_e958af9366e8395e6b2bb4507020a2fe0ec2784e8d610cec1db108700a017e44" Authorization="Bas..." Content-Type="application/json; charset=utf-8" Cookie="ARRAffinity=a9435e7d7a3e9b539a5af095a111213d4b0d6072fcd2fbc4d33c4b2c5ff53cab;Path=/;HttpOnly;Secure;Domain=acidtech-prod-app.scm.azurewebsites.net; ARRAffinitySameSite=a9435e7d7a3e9b539a5af095a111213d4b0d6072fcd2fbc4d33c4b2c5ff53cab;Path=/;HttpOnly;SameSite=None;Secure;Domain=acidtech-prod-app.scm.azurewebsites.net" Content-Length="0" X-ARR-LOG-ID="9c4a26e6-b285-45ae-854f-0e5d84fa657a" CLIENT-IP="64.236.177.3:40962" X-SITE-DEPLOYMENT-ID="acidtech-prod-app" WAS-DEFAULT-HOSTNAME="acidtech-prod-app.scm.azurewebsites.net" X-Forwarded-Proto="https" X-AppService-Proto="https" X-Forwarded-TlsVersion="1.3" X-WAWS-Unencoded-URL="/api/deployments/latest?deployer=GITHUB_ZIP_DEPLOY&amp;time=2025-08-04_01-11-57Z" X-Client-IP="64.236.177.3" X-Client-Port="40962" >
  <step title="Cleanup Xml Logs" date="2025-08-04T01:17:27.127" >
    <step title="Cleanup Infos" date="2025-08-04T01:17:28.589" totalFiles="470" totalCleanup="310" /><!-- duration: 509ms -->
  </step><!-- duration: 2347ms -->
  <step title="DeploymentService.GetResult" date="2025-08-04T01:17:30.193" >
    <step title="DeploymentService.GetLatestDeployment" date="2025-08-04T01:17:30.366" >
      <step title="DeploymentManager.GetResults" date="2025-08-04T01:17:30.594" /><!-- duration: 4605ms -->
    </step><!-- duration: 5009ms -->
  </step><!-- duration: 5379ms -->
  <step title="Outgoing response" date="2025-08-04T01:17:35.907" type="response" statusCode="202" statusText="Accepted" /><!-- duration: 348ms -->
</step><!-- duration: 10171ms -->
