<step title="Incoming Request" date="2025-08-03T23:29:31.439" instance="a9435e" url="/api/scm" method="DELETE" type="request" pid="772,1,7" Host="acidtech-prod-app.scm.azurewebsites.net" User-Agent="Azure-WebSites-Controller/104.0.7.211" Authorization="Bas..." x-ms-request-id="7595a574-2c52-4369-8cec-8d64e756cba7" X-ARR-LOG-ID="7595a574-2c52-4369-8cec-8d64e756cba7" CLIENT-IP="13.89.172.8:19584" X-SITE-DEPLOYMENT-ID="acidtech-prod-app" WAS-DEFAULT-HOSTNAME="acidtech-prod-app.scm.azurewebsites.net" X-MS-PLATFORM-INTERNAL="True" X-Forwarded-Proto="https" X-AppService-Proto="https" X-Forwarded-TlsVersion="1.3" X-WAWS-Unencoded-URL="/api/scm" X-Client-IP="13.89.172.8" X-Client-Port="19584" >
  <step title="Acquiring Deployment Lock" date="2025-08-03T23:29:31.480" /><!-- duration: 2ms -->
  <step title="Acquired Deployment Lock" date="2025-08-03T23:29:31.526" /><!-- duration: 2ms -->
  <step title="Deleting repository" date="2025-08-03T23:29:31.535" /><!-- duration: 1532ms -->
  <step title="Delete auto swap lock file" date="2025-08-03T23:29:33.093" /><!-- duration: 10ms -->
  <step title="Deleting ssh key" date="2025-08-03T23:29:33.106" /><!-- duration: 13ms -->
  <step title="Updating initial deployment manifest" date="2025-08-03T23:29:33.121" /><!-- duration: 40ms -->
  <step title="Deleting deployment cache" date="2025-08-03T23:29:33.163" /><!-- duration: 64ms -->
  <step title="Releasing Deployment Lock" date="2025-08-03T23:29:33.232" /><!-- duration: 3ms -->
  <step title="Outgoing response" date="2025-08-03T23:29:33.247" type="response" statusCode="200" statusText="OK" /><!-- duration: 4ms -->
</step><!-- duration: 1819ms -->
