<step title="Incoming Request" date="2025-08-04T00:21:58.311" instance="a9435e" url="/api/deployments/latest?deployer=GITHUB_ZIP_DEPLOY&amp;time=2025-08-04_00-20-54Z" method="GET" type="request" pid="772,1,15" Host="acidtech-prod-app.scm.azurewebsites.net" User-Agent="GITHUBACTIONS_DeployWebAppToAzure_e958af9366e8395e6b2bb4507020a2fe0ec2784e8d610cec1db108700a017e44" Authorization="Bas..." Content-Type="application/json; charset=utf-8" Cookie="ARRAffinity=a9435e7d7a3e9b539a5af095a111213d4b0d6072fcd2fbc4d33c4b2c5ff53cab;Path=/;HttpOnly;Secure;Domain=acidtech-prod-app.scm.azurewebsites.net; ARRAffinitySameSite=a9435e7d7a3e9b539a5af095a111213d4b0d6072fcd2fbc4d33c4b2c5ff53cab;Path=/;HttpOnly;SameSite=None;Secure;Domain=acidtech-prod-app.scm.azurewebsites.net" Content-Length="0" X-ARR-LOG-ID="64609578-91cc-4a62-a5cb-516751d3eb71" CLIENT-IP="52.173.163.36:9250" X-SITE-DEPLOYMENT-ID="acidtech-prod-app" WAS-DEFAULT-HOSTNAME="acidtech-prod-app.scm.azurewebsites.net" X-Forwarded-Proto="https" X-AppService-Proto="https" X-Forwarded-TlsVersion="1.3" X-WAWS-Unencoded-URL="/api/deployments/latest?deployer=GITHUB_ZIP_DEPLOY&amp;time=2025-08-04_00-20-54Z" X-Client-IP="52.173.163.36" X-Client-Port="9250" >
  <step title="Cleanup Xml Logs" date="2025-08-04T00:21:58.351" >
    <step title="Cleanup Infos" date="2025-08-04T00:21:58.751" totalFiles="301" totalCleanup="141" /><!-- duration: 30ms -->
  </step><!-- duration: 562ms -->
  <step title="DeploymentService.GetResult" date="2025-08-04T00:21:59.915" >
    <step title="DeploymentService.GetLatestDeployment" date="2025-08-04T00:21:59.974" >
      <step title="DeploymentManager.GetResults" date="2025-08-04T00:22:00.093" /><!-- duration: 1527ms -->
    </step><!-- duration: 2705ms -->
  </step><!-- duration: 3080ms -->
  <step title="Outgoing response" date="2025-08-04T00:22:03.447" type="response" statusCode="202" statusText="Accepted" /><!-- duration: 589ms -->
</step><!-- duration: 6111ms -->
