<step title="Incoming Request" date="2025-08-04T00:42:06.824" instance="a9435e" url="/api/deployments/latest?deployer=GITHUB_ZIP_DEPLOY&amp;time=2025-08-04_00-41-48Z" method="GET" type="request" pid="774,1,36" Host="acidtech-prod-app.scm.azurewebsites.net" User-Agent="GITHUBACTIONS_DeployWebAppToAzure_e958af9366e8395e6b2bb4507020a2fe0ec2784e8d610cec1db108700a017e44" Authorization="Bas..." Content-Type="application/json; charset=utf-8" Cookie="ARRAffinity=a9435e7d7a3e9b539a5af095a111213d4b0d6072fcd2fbc4d33c4b2c5ff53cab;Path=/;HttpOnly;Secure;Domain=acidtech-prod-app.scm.azurewebsites.net; ARRAffinitySameSite=a9435e7d7a3e9b539a5af095a111213d4b0d6072fcd2fbc4d33c4b2c5ff53cab;Path=/;HttpOnly;SameSite=None;Secure;Domain=acidtech-prod-app.scm.azurewebsites.net" Content-Length="0" X-ARR-LOG-ID="c4a38e04-54f7-4a96-941a-865a4077caaa" CLIENT-IP="52.159.228.211:22528" X-SITE-DEPLOYMENT-ID="acidtech-prod-app" WAS-DEFAULT-HOSTNAME="acidtech-prod-app.scm.azurewebsites.net" X-Forwarded-Proto="https" X-AppService-Proto="https" X-Forwarded-TlsVersion="1.3" X-WAWS-Unencoded-URL="/api/deployments/latest?deployer=GITHUB_ZIP_DEPLOY&amp;time=2025-08-04_00-41-48Z" X-Client-IP="52.159.228.211" X-Client-Port="22528" >
  <step title="Cleanup Xml Logs" date="2025-08-04T00:42:06.882" >
    <step title="Cleanup Infos" date="2025-08-04T00:42:07.001" totalFiles="348" totalCleanup="188" /><!-- duration: 11ms -->
  </step><!-- duration: 140ms -->
  <step title="DeploymentService.GetResult" date="2025-08-04T00:42:07.072" >
    <step title="DeploymentService.GetLatestDeployment" date="2025-08-04T00:42:07.089" >
      <step title="DeploymentManager.GetResults" date="2025-08-04T00:42:07.102" /><!-- duration: 369ms -->
    </step><!-- duration: 548ms -->
  </step><!-- duration: 630ms -->
  <step title="Outgoing response" date="2025-08-04T00:42:07.722" type="response" statusCode="202" statusText="Accepted" /><!-- duration: 40ms -->
</step><!-- duration: 941ms -->
