<step title="Incoming Request" date="2025-08-03T23:19:54.360" instance="a9435e" url="/api/publish?type=zip" method="POST" type="request" pid="786,1,22" Accept="*/*" Host="acidtech-prod-app.scm.azurewebsites.net" User-Agent="AZURECLI/2.75.0 (MSI)" Accept-Encoding="gzip, deflate" Authorization="Bas..." Cache-Control="no-cache" Content-Type="application/octet-stream" Cookie="ARRAffinity=a9435e7d7a3e9b539a5af095a111213d4b0d6072fcd2fbc4d33c4b2c5ff53cab; ARRAffinitySameSite=a9435e7d7a3e9b539a5af095a111213d4b0d6072fcd2fbc4d33c4b2c5ff53cab" Content-Length="13698" x-ms-client-request-id="436891ff-70c0-11f0-88ba-9cb15093b0ab" x-ms-artifact-checksum="8c31d6fc996bf3a37046cbf9be9e3cbabaa805e56c4ab909cfc1fa28e133f3e7" X-ARR-LOG-ID="436891ff-70c0-11f0-88ba-9cb15093b0ab" CLIENT-IP="24.155.36.97:50849" X-SITE-DEPLOYMENT-ID="acidtech-prod-app" WAS-DEFAULT-HOSTNAME="acidtech-prod-app.scm.azurewebsites.net" X-Forwarded-Proto="https" X-AppService-Proto="https" X-Forwarded-TlsVersion="1.3" X-WAWS-Unencoded-URL="/api/publish?type=zip" X-Client-IP="24.155.36.97" X-Client-Port="50849" >
  <step title="Cleanup Xml Logs" date="2025-08-03T23:19:54.389" >
    <step title="Cleanup Infos" date="2025-08-03T23:19:54.419" totalFiles="262" totalCleanup="102" /><!-- duration: 9ms -->
  </step><!-- duration: 59ms -->
  <step title="OneDeploy" date="2025-08-03T23:19:55.205" >
    <step title="None repository commit" date="2025-08-03T23:19:55.302" >
      <step title="Commit id: c2d64bac-2d26-4bb1-86f1-4b993277f8dd" date="2025-08-03T23:19:55.306" Message="N/A" AuthorName="N/A" AuthorEmail="N/A" /><!-- duration: 7ms -->
    </step><!-- duration: 13ms -->
    <step title="Starting PushDeployAsync" date="2025-08-03T23:19:55.323" /><!-- duration: 2ms -->
    <step title="Writing artifact to /tmp/zipdeploy/2a55e56f-8306-4689-8791-00add12107f3.zip" date="2025-08-03T23:19:55.511" >
      <step title="Writing multipart request body to /tmp/zipdeploy/2a55e56f-8306-4689-8791-00add12107f3.zip" date="2025-08-03T23:19:55.528" /><!-- duration: 33ms -->
    </step><!-- duration: 577ms -->
    <step title="Removing previous build artifact&apos;s manifest file" date="2025-08-03T23:19:56.236" >
      <step title="None repository commit" date="2025-08-03T23:19:56.412" >
        <step title="Commit id: c2d64bac-2d26-4bb1-86f1-4b993277f8dd" date="2025-08-03T23:19:56.452" Message="N/A" AuthorName="N/A" AuthorEmail="N/A" /><!-- duration: 67ms -->
      </step><!-- duration: 116ms -->
      <step title="Attempting to fetch target branch HEAD" date="2025-08-03T23:19:56.568" /><!-- duration: 10ms -->
      <step title="Acquiring Deployment Lock" date="2025-08-03T23:19:56.617" /><!-- duration: 61ms -->
      <step title="Acquired Deployment Lock" date="2025-08-03T23:19:56.878" /><!-- duration: 39ms -->
      <step title="None repository commit" date="2025-08-03T23:19:56.958" >
        <step title="Commit id: c2d64bac-2d26-4bb1-86f1-4b993277f8dd" date="2025-08-03T23:19:56.966" Message="N/A" AuthorName="N/A" AuthorEmail="N/A" /><!-- duration: 20ms -->
      </step><!-- duration: 40ms -->
      <step title="Performing fetch based deployment" date="2025-08-03T23:19:57.028" >
        <step title="Creating temporary deployment" date="2025-08-03T23:19:57.047" /><!-- duration: 229ms -->
        <step title="Releasing Deployment Lock" date="2025-08-03T23:19:58.767" /><!-- duration: 50ms -->
        <step title="Cleaning up temp folders from previous zip deployments and extracting pushed zip file /tmp/zipdeploy/2a55e56f-8306-4689-8791-00add12107f3.zip (0.01 MB) to /tmp/zipdeploy/extracted" date="2025-08-03T23:19:59.116" >
          <step title="ChmodRecursive Process exited with total time taken in ms: 199" date="2025-08-03T23:19:59.607" /><!-- duration: 20ms -->
        </step><!-- duration: 538ms -->
        <step title="None repository commit" date="2025-08-03T23:19:59.697" >
          <step title="Commit id: c2d64bac-2d26-4bb1-86f1-4b993277f8dd" date="2025-08-03T23:19:59.745" Message="OneDeploy" AuthorName="N/A" AuthorEmail="N/A" /><!-- duration: 29ms -->
        </step><!-- duration: 108ms -->
        <step title="None repository commit" date="2025-08-03T23:20:01.896" >
          <step title="Commit id: c2d64bac-2d26-4bb1-86f1-4b993277f8dd" date="2025-08-03T23:20:01.953" Message="N/A" AuthorName="N/A" AuthorEmail="N/A" /><!-- duration: 31ms -->
        </step><!-- duration: 97ms -->
        <step title="Deployment timer started" date="2025-08-03T23:20:02.012" >
          <step title="DeploymentManager.Deploy(id:c2d64bac-2d26-4bb1-86f1-4b993277f8dd)" date="2025-08-03T23:20:02.039" >
            <step title="Collecting changeset information" date="2025-08-03T23:20:02.186" /><!-- duration: 387ms -->
            <step title="Updating submodules" date="2025-08-03T23:20:02.726" /><!-- duration: 1713ms -->
            <step title="Determining deployment builder" date="2025-08-03T23:20:05.674" >
              <step title="Builder is OryxBuilder" date="2025-08-03T23:20:05.900" /><!-- duration: 21ms -->
            </step><!-- duration: 303ms -->
            <step title="PreDeployment: context.CleanOutputPath False" date="2025-08-03T23:20:06.116" >
              <step title="PreDeployment: context.OutputPath /home/site/wwwroot" date="2025-08-03T23:20:07.193" >
                <step title="Building" date="2025-08-03T23:20:07.925" >
                  <step title="Executing external process" date="2025-08-03T23:20:10.188" type="process" path="bash" arguments="-c &quot;oryx build /tmp/zipdeploy/extracted -o /home/site/wwwroot --platform python --platform-version 3.11 -p virtualenv_name=antenv --log-file /tmp/build-debug.log  -i /tmp/8ddd2e44811aae2 --compress-destination-dir | tee /tmp/oryx-build.log ; exit $PIPESTATUS &quot;" 