<step title="Incoming Request" date="2025-08-03T22:48:10.568" instance="a9435e" url="/api/zipdeploy?isAsync=true&amp;deployer=GITHUB_ZIP_DEPLOY&amp;message=%7B%22type%22%3A%22deployment%22%2C%22sha%22%3A%22cd418f495df73915860126925e4ef22706f4d370%22%2C%22repoName%22%3A%22Jaimikoko%2FAcitechAppServ%22%2C%22actor%22%3A%22Jaimikoko%22%2C%22slotName%22%3A%22production%22%2C%22commitMessage%22%3A%22%22%7D" method="POST" type="request" pid="776,1,5" Host="acidtech-prod-app.scm.azurewebsites.net" User-Agent="GITHUBACTIONS_DeployWebAppToAzure_e958af9366e8395e6b2bb4507020a2fe0ec2784e8d610cec1db108700a017e44" Authorization="Bas..." Content-Type="application/octet-stream" Cookie="ARRAffinity=a9435e7d7a3e9b539a5af095a111213d4b0d6072fcd2fbc4d33c4b2c5ff53cab;Path=/;HttpOnly;Secure;Domain=acidtech-prod-app.scm.azurewebsites.net; ARRAffinitySameSite=a9435e7d7a3e9b539a5af095a111213d4b0d6072fcd2fbc4d33c4b2c5ff53cab;Path=/;HttpOnly;SameSite=None;Secure;Domain=acidtech-prod-app.scm.azurewebsites.net" Transfer-Encoding="chunked" X-ARR-LOG-ID="c86c6e8e-524e-4c56-a57f-c96b75d42966" CLIENT-IP="172.172.153.35:1024" X-SITE-DEPLOYMENT-ID="acidtech-prod-app" WAS-DEFAULT-HOSTNAME="acidtech-prod-app.scm.azurewebsites.net" X-Forwarded-Proto="https" X-AppService-Proto="https" X-Forwarded-TlsVersion="1.3" X-WAWS-Unencoded-URL="/api/zipdeploy?isAsync=true&amp;deployer=GITHUB_ZIP_DEPLOY&amp;message=%7B%22type%22%3A%22deployment%22%2C%22sha%22%3A%22cd418f495df73915860126925e4ef22706f4d370%22%2C%22repoName%22%3A%22Jaimikoko%2FAcitechAppServ%22%2C%22actor%22%3A%22Jaimikoko%22%2C%22slotName%22%3A%22production%22%2C%22commitMessage%22%3A%22%22%7D" X-Client-IP="172.172.153.35" X-Client-Port="1024" >
  <step title="Cleanup Xml Logs" date="2025-08-03T22:48:10.606" /><!-- duration: 39ms -->
  <step title="ZipPushDeploy" date="2025-08-03T22:48:11.130" >
    <step title="ZipDeploy. Extract zip. Remote build." date="2025-08-03T22:48:11.168" /><!-- duration: 11ms -->
    <step title="None repository commit" date="2025-08-03T22:48:11.307" >
      <step title="Commit id: a17c8fd1-613e-4bcb-b59a-01f615ec43de" date="2025-08-03T22:48:11.315" Message="N/A" AuthorName="N/A" AuthorEmail="N/A" /><!-- duration: 3ms -->
    </step><!-- duration: 18ms -->
    <step title="Starting PushDeployAsync" date="2025-08-03T22:48:11.345" /><!-- duration: 3ms -->
    <step title="Writing artifact to /tmp/zipdeploy/bbe75e9d-a831-42f6-a293-f177a5b5d6ad.zip" date="2025-08-03T22:48:11.557" >
      <step title="Writing multipart request body to /tmp/zipdeploy/bbe75e9d-a831-42f6-a293-f177a5b5d6ad.zip" date="2025-08-03T22:48:11.575" /><!-- duration: 13ms -->
    </step><!-- duration: 2584ms -->
    <step title="Start deployment in the background" date="2025-08-03T22:48:14.231" >
      <step title="Acquiring Deployment Lock" date="2025-08-03T22:48:14.510" /><!-- duration: 3ms -->
      <step title="Acquired Deployment Lock" date="2025-08-03T22:48:14.581" /><!-- duration: 3ms -->
    </step><!-- duration: 493ms -->
  </step><!-- duration: 3609ms -->
  <step title="Outgoing response" date="2025-08-03T22:48:14.757" type="response" statusCode="202" statusText="Accepted" /><!-- duration: 3ms -->
</step><!-- duration: 4198ms -->
