<step title="BackgroundTrace" date="2025-08-04T00:26:30.110" instance="a9435e" url="/api/zipdeploy" method="POST" >
  <step title="Creating temporary deployment - FetchDeploymentManager" date="2025-08-04T00:26:30.272" /><!-- duration: 8ms -->
  <step title="Creating temporary deployment" date="2025-08-04T00:26:30.299" /><!-- duration: 138ms -->
  <step title="Performing fetch based deployment" date="2025-08-04T00:26:30.619" >
    <step title="Cleaning up temp folders from previous zip deployments and extracting pushed zip file /tmp/zipdeploy/afc23d8f-2a0c-4fa8-ad34-61a8245d1199.zip (20.70 MB) to /tmp/zipdeploy/extracted" date="2025-08-04T00:26:31.900" >
      <step title="ChmodRecursive Process exited with total time taken in ms: 542" date="2025-08-04T00:26:45.470" /><!-- duration: 6ms -->
    </step><!-- duration: 13589ms -->
    <step title="Deployment timer started" date="2025-08-04T00:26:47.519" >
      <step title="DeploymentManager.Deploy(id:c11a768c-dea6-4aef-a0ce-b31cae43860a)" date="2025-08-04T00:26:47.549" >
        <step title="Collecting changeset information" date="2025-08-04T00:26:47.621" /><!-- duration: 164ms -->
        <step title="Updating submodules" date="2025-08-04T00:26:47.792" /><!-- duration: 1186ms -->
        <step title="Determining deployment builder" date="2025-08-04T00:26:49.257" >
          <step title="Builder is BasicBuilder" date="2025-08-04T00:26:49.280" /><!-- duration: 18ms -->
        </step><!-- duration: 51ms -->
        <step title="PreDeployment: context.CleanOutputPath False" date="2025-08-04T00:26:49.355" >
          <step title="PreDeployment: context.OutputPath /home/site/wwwroot" date="2025-08-04T00:26:49.484" >
            <step title="Building" date="2025-08-04T00:26:49.624" >
              <step title="Executing external process" date="2025-08-04T00:26:50.040" type="process" path="starter.sh" arguments="/opt/Kudu/Scripts/parallel_rsync.sh /tmp/zipdeploy/extracted /home/site/wwwroot 8 /tmp/ False True  " >
                <step title="Cpu: rsync(909,0.080s)+rsync(892,0.130s)+rsync(886,0.590s)+bash(879,0.010s)+rsync(908,0.060s)+rsync(898,0.070s)+rsync(887,0.650s)+bash(880,0.010s)+rsync(912,0.100s)+rsync(893,0.060s)+rsync(884,0.780s)+bash(881,0.000s)+rsync(905,0.130s)+rsync(900,0.060s)+rsync(890,0.590s)+bash(882,0.000s)+rsync(906,0.100s)+rsync(895,0.040s)+rsync(888,0.670s)+bash(883,0.000s)+rsync(907,0.150s)+rsync(899,0.060s)+rsync(891,0.620s)+bash(885,0.010s)+rsync(911,0.090s)+rsync(902,0.100s)+rsync(897,0.720s)+bash(889,0.020s)+rsync(910,0.080s)+rsync(901,0.070s)+rsync(896,0.660s)+bash(894,0.000s)+xargs(878,0.000s)+parallel_rsync.sh(870,0.040s)=total(6.750s)" date="2025-08-04T00:27:54.596" /><!-- duration: 190ms -->
                <step title="starter.sh: no io activity for 60s, prev-cpu=-1.000s, current-cpu=6.750s" date="2025-08-04T00:27:54.992" /><!-- duration: 249ms -->
                <step title="Cpu: rsync(909,0.300s)+rsync(892,0.130s)+rsync(886,0.740s)+bash(879,0.010s)+rsync(908,0.280s)+rsync(898,0.070s)+rsync(887,0.770s)+bash(880,0.010s)+rsync(912,0.420s)+rsync(893,0.060s)+rsync(884,0.900s)+bash(881,0.000s)+rsync(905,0.440s)+rsync(900,0.060s)+rsync(890,0.800s)+bash(882,0.000s)+rsync(906,0.400s)+rsync(895,0.040s)+rsync(888,0.880s)+bash(883,0.000s)+rsync(907,0.390s)+rsync(899,0.060s)+rsync(891,0.760s)+bash(885,0.010s)+rsync(911,0.300s)+rsync(902,0.100s)+rsync(897,0.830s)+bash(889,0.020s)+rsync(910,0.550s)+rsync(901,0.070s)+rsync(896,1.670s)+bash(894,0.000s)+xargs(878,0.000s)+parallel_rsync.sh(870,0.040s)=total(11.090s)" date="2025-08-04T00:28:56.380" /><!-- duration: 31ms -->
                <step title="starter.sh: no io activity for 123s, prev-cpu=6.750s, current-cpu=11.090s" date="2025-08-04T00:28:56.497" /><!-- duration: 62ms -->
              </step><!-- duration: 208037ms -->
              <step title="Triggering recycle (preview mode disabled)." date="2025-08-04T00:30:18.919" /><!-- duration: 13ms -->
              <step title="Modified file to trigger a restart of the app container." date="2025-08-04T00:30:19.039" /><!-- duration: 11ms -->
              <step title="Skip function trigger and logicapp sync because function is not enabled." date="2025-08-04T00:30:19.099" /><!-- duration: 73ms -->
              <step title="Purge deployment items" date="2025-08-04T00:30:20.244" >
                <step title="Remove 93912a41-, Failed, received at 08/04/2025 00:21:26" date="2025-08-04T00:30:20.354" /><!-- duration: 30ms -->
                <step title="Remove temp-3d72, Failed, received at 08/04/2025 00:20:54" date="2025-08-04T00:30:20.510" /><!-- duration: 10ms -->
              </step><!-- duration: 306ms -->
            </step><!-- duration: 211037ms -->
          </step><!-- duration: 211186ms -->
          <step title="Cleaning up temp files" date="2025-08-04T00:30:20.699" /><!-- duration: 21ms -->
          <step title="Cleaning up temp files" date="2025-08-04T00:30:20.740" /><!-- duration: 562ms -->
          <step title="Reloading status file with latest updates" date="2025-08-04T00:30:21.391" >
            <step title="WebHooksManager.PublishEventAsync: PostDeployment" date="2025-08-04T00:30:21.421" /><!-- duration: 366ms -->
          </step><!-- duration: 406ms -->
          <step title="Cleaning up temporary deployment - fetch deployment was successful" date="2025-08-04T00:30:21.886" /><!-- duration: 23ms -->
        </step><!-- duration: 212704ms -->
      </step><!-- duration: 214579ms -->
