<step title="Incoming Request" date="2025-08-04T00:21:08.572" instance="a9435e" url="/api/deployments/latest?deployer=GITHUB_ZIP_DEPLOY&amp;time=2025-08-04_00-20-54Z" method="GET" type="request" pid="772,1,5" Host="acidtech-prod-app.scm.azurewebsites.net" User-Agent="GITHUBACTIONS_DeployWebAppToAzure_e958af9366e8395e6b2bb4507020a2fe0ec2784e8d610cec1db108700a017e44" Authorization="Bas..." Content-Type="application/json; charset=utf-8" Cookie="ARRAffinity=a9435e7d7a3e9b539a5af095a111213d4b0d6072fcd2fbc4d33c4b2c5ff53cab;Path=/;HttpOnly;Secure;Domain=acidtech-prod-app.scm.azurewebsites.net; ARRAffinitySameSite=a9435e7d7a3e9b539a5af095a111213d4b0d6072fcd2fbc4d33c4b2c5ff53cab;Path=/;HttpOnly;SameSite=None;Secure;Domain=acidtech-prod-app.scm.azurewebsites.net" Content-Length="0" X-ARR-LOG-ID="d599f3d6-80bd-408a-829b-bec213381d89" CLIENT-IP="52.173.163.36:9248" X-SITE-DEPLOYMENT-ID="acidtech-prod-app" WAS-DEFAULT-HOSTNAME="acidtech-prod-app.scm.azurewebsites.net" X-Forwarded-Proto="https" X-AppService-Proto="https" X-Forwarded-TlsVersion="1.3" X-WAWS-Unencoded-URL="/api/deployments/latest?deployer=GITHUB_ZIP_DEPLOY&amp;time=2025-08-04_00-20-54Z" X-Client-IP="52.173.163.36" X-Client-Port="9248" >
  <step title="Cleanup Xml Logs" date="2025-08-04T00:21:08.619" >
    <step title="Cleanup Infos" date="2025-08-04T00:21:08.732" totalFiles="294" totalCleanup="134" /><!-- duration: 19ms -->
  </step><!-- duration: 143ms -->
  <step title="DeploymentService.GetResult" date="2025-08-04T00:21:09.275" >
    <step title="DeploymentService.GetLatestDeployment" date="2025-08-04T00:21:09.298" >
      <step title="DeploymentManager.GetResults" date="2025-08-04T00:21:09.327" /><!-- duration: 468ms -->
    </step><!-- duration: 548ms -->
  </step><!-- duration: 598ms -->
  <step title="Outgoing response" date="2025-08-04T00:21:09.994" type="response" statusCode="202" statusText="Accepted" /><!-- duration: 49ms -->
</step><!-- duration: 1508ms -->
