<step title="Incoming Request" date="2025-08-04T00:21:01.121" instance="a9435e" url="/api/deployments/latest?deployer=GITHUB_ZIP_DEPLOY&amp;time=2025-08-04_00-20-54Z" method="GET" type="request" pid="772,1,5" Host="acidtech-prod-app.scm.azurewebsites.net" User-Agent="GITHUBACTIONS_DeployWebAppToAzure_e958af9366e8395e6b2bb4507020a2fe0ec2784e8d610cec1db108700a017e44" Authorization="Bas..." Content-Type="application/json; charset=utf-8" Cookie="ARRAffinity=a9435e7d7a3e9b539a5af095a111213d4b0d6072fcd2fbc4d33c4b2c5ff53cab;Path=/;HttpOnly;Secure;Domain=acidtech-prod-app.scm.azurewebsites.net; ARRAffinitySameSite=a9435e7d7a3e9b539a5af095a111213d4b0d6072fcd2fbc4d33c4b2c5ff53cab;Path=/;HttpOnly;SameSite=None;Secure;Domain=acidtech-prod-app.scm.azurewebsites.net" Content-Length="0" X-ARR-LOG-ID="768dd9d8-e321-46bb-8252-e1aa2b8b5589" CLIENT-IP="52.173.163.36:9249" X-SITE-DEPLOYMENT-ID="acidtech-prod-app" WAS-DEFAULT-HOSTNAME="acidtech-prod-app.scm.azurewebsites.net" X-Forwarded-Proto="https" X-AppService-Proto="https" X-Forwarded-TlsVersion="1.3" X-WAWS-Unencoded-URL="/api/deployments/latest?deployer=GITHUB_ZIP_DEPLOY&amp;time=2025-08-04_00-20-54Z" X-Client-IP="52.173.163.36" X-Client-Port="9249" >
  <step title="Cleanup Xml Logs" date="2025-08-04T00:21:01.170" >
    <step title="Cleanup Infos" date="2025-08-04T00:21:01.341" totalFiles="293" totalCleanup="133" /><!-- duration: 185ms -->
  </step><!-- duration: 414ms -->
  <step title="DeploymentService.GetResult" date="2025-08-04T00:21:02.377" >
    <step title="DeploymentService.GetLatestDeployment" date="2025-08-04T00:21:02.404" >
      <step title="DeploymentManager.GetResults" date="2025-08-04T00:21:02.416" /><!-- duration: 612ms -->
    </step><!-- duration: 634ms -->
  </step><!-- duration: 713ms -->
  <step title="Outgoing response" date="2025-08-04T00:21:03.403" type="response" statusCode="202" statusText="Accepted" /><!-- duration: 10ms -->
</step><!-- duration: 2295ms -->
