<step title="Incoming Request" date="2025-08-04T00:21:21.043" instance="a9435e" url="/api/deployments/latest?deployer=GITHUB_ZIP_DEPLOY&amp;time=2025-08-04_00-20-54Z" method="GET" type="request" pid="772,1,5" Host="acidtech-prod-app.scm.azurewebsites.net" User-Agent="GITHUBACTIONS_DeployWebAppToAzure_e958af9366e8395e6b2bb4507020a2fe0ec2784e8d610cec1db108700a017e44" Authorization="Bas..." Content-Type="application/json; charset=utf-8" Cookie="ARRAffinity=a9435e7d7a3e9b539a5af095a111213d4b0d6072fcd2fbc4d33c4b2c5ff53cab;Path=/;HttpOnly;Secure;Domain=acidtech-prod-app.scm.azurewebsites.net; ARRAffinitySameSite=a9435e7d7a3e9b539a5af095a111213d4b0d6072fcd2fbc4d33c4b2c5ff53cab;Path=/;HttpOnly;SameSite=None;Secure;Domain=acidtech-prod-app.scm.azurewebsites.net" Content-Length="0" X-ARR-LOG-ID="242d2577-8831-4c7e-b4f8-dad73dd67839" CLIENT-IP="52.173.163.36:9248" X-SITE-DEPLOYMENT-ID="acidtech-prod-app" WAS-DEFAULT-HOSTNAME="acidtech-prod-app.scm.azurewebsites.net" X-Forwarded-Proto="https" X-AppService-Proto="https" X-Forwarded-TlsVersion="1.3" X-WAWS-Unencoded-URL="/api/deployments/latest?deployer=GITHUB_ZIP_DEPLOY&amp;time=2025-08-04_00-20-54Z" X-Client-IP="52.173.163.36" X-Client-Port="9248" >
  <step title="Cleanup Xml Logs" date="2025-08-04T00:21:21.052" >
    <step title="Cleanup Infos" date="2025-08-04T00:21:21.153" totalFiles="296" totalCleanup="136" /><!-- duration: 9ms -->
  </step><!-- duration: 132ms -->
  <step title="DeploymentService.GetResult" date="2025-08-04T00:21:21.294" >
    <step title="DeploymentService.GetLatestDeployment" date="2025-08-04T00:21:21.331" >
      <step title="DeploymentManager.GetResults" date="2025-08-04T00:21:21.373" /><!-- duration: 340ms -->
    </step><!-- duration: 422ms -->
  </step><!-- duration: 508ms -->
  <step title="Outgoing response" date="2025-08-04T00:21:21.871" type="response" statusCode="202" statusText="Accepted" /><!-- duration: 2ms -->
</step><!-- duration: 842ms -->
