<step title="Incoming Request" date="2025-08-04T01:18:13.313" instance="a9435e" url="/api/deployments/latest?deployer=GITHUB_ZIP_DEPLOY&amp;time=2025-08-04_01-11-57Z" method="GET" type="request" pid="774,1,17" Host="acidtech-prod-app.scm.azurewebsites.net" User-Agent="GITHUBACTIONS_DeployWebAppToAzure_e958af9366e8395e6b2bb4507020a2fe0ec2784e8d610cec1db108700a017e44" Authorization="Bas..." Content-Type="application/json; charset=utf-8" Cookie="ARRAffinity=a9435e7d7a3e9b539a5af095a111213d4b0d6072fcd2fbc4d33c4b2c5ff53cab;Path=/;HttpOnly;Secure;Domain=acidtech-prod-app.scm.azurewebsites.net; ARRAffinitySameSite=a9435e7d7a3e9b539a5af095a111213d4b0d6072fcd2fbc4d33c4b2c5ff53cab;Path=/;HttpOnly;SameSite=None;Secure;Domain=acidtech-prod-app.scm.azurewebsites.net" Content-Length="0" X-ARR-LOG-ID="e0ab58c7-0390-4d93-9155-7fc34d5a01a3" CLIENT-IP="64.236.177.3:40960" X-SITE-DEPLOYMENT-ID="acidtech-prod-app" WAS-DEFAULT-HOSTNAME="acidtech-prod-app.scm.azurewebsites.net" X-Forwarded-Proto="https" X-AppService-Proto="https" X-Forwarded-TlsVersion="1.3" X-WAWS-Unencoded-URL="/api/deployments/latest?deployer=GITHUB_ZIP_DEPLOY&amp;time=2025-08-04_01-11-57Z" X-Client-IP="64.236.177.3" X-Client-Port="40960" >
  <step title="Cleanup Xml Logs" date="2025-08-04T01:18:13.618" >
    <step title="Cleanup Infos" date="2025-08-04T01:18:14.285" totalFiles="473" totalCleanup="313" /><!-- duration: 421ms -->
  </step><!-- duration: 1468ms -->
  <step title="DeploymentService.GetResult" date="2025-08-04T01:18:16.430" >
    <step title="DeploymentService.GetLatestDeployment" date="2025-08-04T01:18:16.626" >
      <step title="DeploymentManager.GetResults" date="2025-08-04T01:18:16.791" /><!-- duration: 4370ms -->
    </step><!-- duration: 4802ms -->
  </step><!-- duration: 5099ms -->
  <step title="Outgoing response" date="2025-08-04T01:18:21.832" type="response" statusCode="202" statusText="Accepted" /><!-- duration: 237ms -->
</step><!-- duration: 8932ms -->
