<step title="Incoming Request" date="2025-08-04T00:46:35.627" instance="a9435e" url="/api/deployments/latest?deployer=GITHUB_ZIP_DEPLOY&amp;time=2025-08-04_00-41-48Z" method="GET" type="request" pid="774,1,30" Host="acidtech-prod-app.scm.azurewebsites.net" User-Agent="GITHUBACTIONS_DeployWebAppToAzure_e958af9366e8395e6b2bb4507020a2fe0ec2784e8d610cec1db108700a017e44" Authorization="Bas..." Content-Type="application/json; charset=utf-8" Cookie="ARRAffinity=a9435e7d7a3e9b539a5af095a111213d4b0d6072fcd2fbc4d33c4b2c5ff53cab;Path=/;HttpOnly;Secure;Domain=acidtech-prod-app.scm.azurewebsites.net; ARRAffinitySameSite=a9435e7d7a3e9b539a5af095a111213d4b0d6072fcd2fbc4d33c4b2c5ff53cab;Path=/;HttpOnly;SameSite=None;Secure;Domain=acidtech-prod-app.scm.azurewebsites.net" Content-Length="0" X-ARR-LOG-ID="c53b7e1a-46dc-4b53-a67e-422f22cbb85c" CLIENT-IP="52.159.228.211:22530" X-SITE-DEPLOYMENT-ID="acidtech-prod-app" WAS-DEFAULT-HOSTNAME="acidtech-prod-app.scm.azurewebsites.net" X-Forwarded-Proto="https" X-AppService-Proto="https" X-Forwarded-TlsVersion="1.3" X-WAWS-Unencoded-URL="/api/deployments/latest?deployer=GITHUB_ZIP_DEPLOY&amp;time=2025-08-04_00-41-48Z" X-Client-IP="52.159.228.211" X-Client-Port="22530" >
  <step title="Cleanup Xml Logs" date="2025-08-04T00:46:35.646" >
    <step title="Cleanup Infos" date="2025-08-04T00:46:35.696" totalFiles="387" totalCleanup="227" /><!-- duration: 11ms -->
  </step><!-- duration: 63ms -->
  <step title="DeploymentService.GetResult" date="2025-08-04T00:46:35.753" >
    <step title="DeploymentService.GetLatestDeployment" date="2025-08-04T00:46:35.757" >
      <step title="DeploymentManager.GetResults" date="2025-08-04T00:46:35.760" /><!-- duration: 300ms -->
    </step><!-- duration: 308ms -->
  </step><!-- duration: 319ms -->
  <step title="Outgoing response" date="2025-08-04T00:46:36.090" type="response" statusCode="202" statusText="Accepted" /><!-- duration: 9ms -->
</step><!-- duration: 482ms -->
