<step title="BackgroundTrace" date="2025-08-04T00:41:48.357" instance="a9435e" url="/api/zipdeploy" method="POST" >
  <step title="Cleanup Xml Logs" date="2025-08-04T00:41:48.377" >
    <step title="Cleanup Infos" date="2025-08-04T00:41:48.421" totalFiles="344" totalCleanup="184" /><!-- duration: 38ms -->
  </step><!-- duration: 84ms -->
  <step title="Creating temporary deployment - FetchDeploymentManager" date="2025-08-04T00:41:48.599" /><!-- duration: 2ms -->
  <step title="Creating temporary deployment" date="2025-08-04T00:41:48.615" /><!-- duration: 129ms -->
  <step title="Performing fetch based deployment" date="2025-08-04T00:41:48.894" >
    <step title="Cleaning up temp folders from previous zip deployments and extracting pushed zip file /tmp/zipdeploy/2deff0db-404e-4a0d-bf22-aede5cdaecad.zip (83.76 MB) to /tmp/zipdeploy/extracted" date="2025-08-04T00:41:50.152" >
      <step title="ChmodRecursive Process exited with total time taken in ms: 280" date="2025-08-04T00:42:58.514" /><!-- duration: 170ms -->
    </step><!-- duration: 68722ms -->
    <step title="Deployment timer started" date="2025-08-04T00:43:01.019" >
      <step title="DeploymentManager.Deploy(id:ee440d07-31d8-44f0-88e8-00f44c7337b2)" date="2025-08-04T00:43:01.030" >
        <step title="Collecting changeset information" date="2025-08-04T00:43:01.140" /><!-- duration: 226ms -->
        <step title="Updating submodules" date="2025-08-04T00:43:01.378" /><!-- duration: 1173ms -->
        <step title="Determining deployment builder" date="2025-08-04T00:43:02.782" >
          <step title="Builder is BasicBuilder" date="2025-08-04T00:43:02.823" /><!-- duration: 9ms -->
        </step><!-- duration: 60ms -->
        <step title="PreDeployment: context.CleanOutputPath False" date="2025-08-04T00:43:02.890" >
          <step title="PreDeployment: context.OutputPath /home/site/wwwroot" date="2025-08-04T00:43:03.052" >
            <step title="Building" date="2025-08-04T00:43:03.321" >
              <step title="Executing external process" date="2025-08-04T00:43:03.797" type="process" path="starter.sh" arguments="/opt/Kudu/Scripts/parallel_rsync.sh /tmp/zipdeploy/extracted /home/site/wwwroot 8 /tmp/ False True  " >
                <step title="Cpu: rsync(1211,0.070s)+rsync(1193,0.150s)+rsync(1184,1.790s)+bash(1180,0.010s)+rsync(1216,0.240s)+rsync(1197,0.060s)+rsync(1187,2.700s)+bash(1181,0.010s)+rsync(1213,0.160s)+rsync(1192,0.100s)+rsync(1186,1.950s)+bash(1182,0.000s)+rsync(1217,0.100s)+rsync(1190,0.110s)+rsync(1188,2.340s)+bash(1183,0.000s)+rsync(1212,0.170s)+rsync(1195,0.130s)+rsync(1191,1.890s)+bash(1185,0.010s)+rsync(1215,0.180s)+rsync(1201,0.110s)+rsync(1198,2.190s)+bash(1189,0.020s)+rsync(1209,0.240s)+rsync(1203,0.150s)+rsync(1200,1.690s)+bash(1194,0.010s)+rsync(1210,0.180s)+rsync(1202,0.180s)+rsync(1199,1.720s)+bash(1196,0.000s)+xargs(1179,0.010s)+parallel_rsync.sh(1167,0.060s)=total(18.730s)" date="2025-08-04T00:44:08.844" /><!-- duration: 138ms -->
                <step title="starter.sh: no io activity for 60s, prev-cpu=-1.000s, current-cpu=18.730s" date="2025-08-04T00:44:09.049" /><!-- duration: 177ms -->
                <step title="Cpu: rsync(1211,0.450s)+rsync(1193,0.260s)+rsync(1184,1.960s)+bash(1180,0.010s)+rsync(1216,0.600s)+rsync(1197,0.240s)+rsync(1187,2.970s)+bash(1181,0.010s)+rsync(1213,0.550s)+rsync(1192,0.210s)+rsync(1186,2.440s)+bash(1182,0.000s)+rsync(1217,0.370s)+rsync(1190,0.260s)+rsync(1188,2.530s)+bash(1183,0.000s)+rsync(1212,0.460s)+rsync(1195,0.230s)+rsync(1191,2.190s)+bash(1185,0.010s)+rsync(1215,0.510s)+rsync(1201,0.230s)+rsync(1198,2.340s)+bash(1189,0.020s)+rsync(1209,0.580s)+rsync(1203,0.200s)+rsync(1200,1.980s)+bash(1194,0.010s)+rsync(1210,0.740s)+rsync(1202,0.260s)+rsync(1199,2.790s)+bash(1196,0.000s)+xargs(1179,0.010s)+parallel_rsync.sh(1167,0.060s)=total(25.470s)" date="2025-08-04T00:45:10.267" /><!-- duration: 234ms -->
                <step title="starter.sh: no io activity for 122s, prev-cpu=18.730s, current-cpu=25.470s" date="2025-08-04T00:45:10.621" /><!-- duration: 68ms -->
                <step title="Cpu: rsync(1211,1.230s)+rsync(1193,0.260s)+rsync(1184,3.110s)+bash(1180,0.010s)+rsync(1216,1.180s)+rsync(1197,0.240s)+rsync(1187,3.230s)+bash(1181,0.010s)+rsync(1213,1.340s)+rsync(1192,0.210s)+rsync(1186,3.900s)+bash(1182,0.000s)+rsync(1217,0.880s)+rsync(1190,0.260s)+rsync(1188,2.820s)+bash(1183,0.000s)+rsync(1212,0.910s)+rsync(1195,0.230s)+rsync(1191,2.420s)+bash(1185,0.010s)+rsync(1215,1.040s)+rsync(1201,0.230s)+rsync(1198,2.600s)+bash(1189,0.020s)+rsync(1209,1.150s)+rsync(1203,0.200s)+rsync(1200,2.410s)+bash(1194,0.010s)+rsync(1210,1.330s)+rsync(1202,0.260s)+rsync(1199,3.380s)+bash(1196,0.000s)+xargs(1179,0.010s)+parallel_rsync.sh(1167,0.060s)=total(34.950s)" date="2025-08-04T00:46:11.196" /><!-- duration: 57ms -->
                <step title="starter.sh: no io activity for 183s, prev-cpu=25.470s, current-cpu=34.950s" date="2025-08-04T00:46:11.311" /><!-- duration: 77ms -->
                <step title="Cpu: rsync(1211,1.580s)+rsync(1193,0.260s)+rsync(1184,3.400s)+bash(1180,0.010s)+rsync(1216,1.670s)+rsync(1197,0.240s)+rsync(1187,3.400s)+bash(1181,0.010s)+rsync(1213,1.880s)+rsync(1192,0.210s)+rsync(1186,4.350s)+bash(1182,0.000s)+rsync(1217,1.330s)+rsync(1190,0.260s)+rsync(1188,3.170s)+bash(1183,0.000s)+rsync(1212,1.360s)+rsync(1195,0.230s)+rsync(1191,2.700s)+bash(1185,0.010s)+rsync(1215,1.540s)+rsync(1201,0.230s)+rsync(1198,2.980s)+bash(1189,0.020s)+rsync(1209,1.470s)+rsync(1203,0.200s)+rsync(1200,2.710s)+bash(1194,0.010s)+rsync(1210,2.280s)+rsync(1202,0.260s)+rsync(1199,4.830s)+bash(1196,0.000s)+xargs(1179,0.010s)+parallel_rsync.sh(1167,0.060s)=total(42.670s)" date="2025-08-04T00:47:11.910" /><!-- duration: 77ms -->
                <step title="starter.sh: no io activity for 244s, prev-cpu=34.950s, current-cpu=42.670s" date="2025-08-04T00:47:12.054" /><!-- duration: 163ms -->
                <step title="Cpu: rsync(1211,1.880s)+rsync(1193,0.260s)+rsync(1184,3.650s)+bash(1180,0.010s)+rsync(1216,2.030s)+rsync(1197,0.240s)+rsync(1187,3.540s)+bash(1181,0.010s)+rsync(1213,2.270s)+rsync(1192,0.210s)+rsync(1186,4.650s)+bash(1182,0.000s)+rsync(1217,1.750s)+rsync(1190,0.260s)+rsync(1188,3.410s)+bash(1183,0.000s)+rsync(1212,1.650s)+rsync(1195,0.230s)+rsync(1191,2.820s)+bash(1185,0.010s)+rsync(1215,1.880s)+rsync(1201,0.230s)+rsync(1198,3.230s)+bash(1189,0.020s)+rsync(1209,1.760s)+rsync(1203,0.200s)+rsync(1200,2.710s)+bash(1194,0.010s)+rsync(1210,2.540s)+rsync(1202,0.260s)+rsync(1199,4.830s)+bash(1196,0.000s)+xargs(1179,0.010s)+parallel_rsync.sh(1167,0.060s)=total(46.610s)" date="2025-08-04T00:48:13.287" /><!-- duration: 148ms -->
                <step title="starter.sh: no io activity for 305s, prev-cpu=42.670s, current-cpu=46.610s" date="2025-08-04T00:48:13.513" /><!-- duration: 141ms -->
                <step title="Cpu: rsync(1211,2.410s)+rsync(1193,0.260s)+rsync(1184,4.140s)+bash(1180,0.010s)+rsync(1216,2.610s)+rsync(1197,0.240s)+rsync(1187,4.080s)+bash(1181,0.010s)+rsync(1213,2.740s)+rsync(1192,0.210s)+rsync(1186,5.180s)+bash(1182,0.000s)+rsync(1217,2.290s)+rsync(1190,0.260s)+rsync(1188,3.870s)+bash(1183,0.000s)+rsync(1212,2.200s)+rsync(1195,0.230s)+rsync(1191,3.310s)+bash(1185,0.010s)+rsync(1215,2.500s)+rsync(1201,0.230s)+rsync(1198,3.720s)+bash(1189,0.020s)+rsync(1209,2.170s)+rsync(1203,0.200s)+rsync(1200,2.710s)+bash(1194,0.010s)+rsync(1210,2.930s)+rsync(1202,0.260s)+rsync(1199,4.840s)+bash(1196,0.000s)+xargs(1179,0.010s)+parallel_rsync.sh(1167,0.060s)=total(53.710s)" date="2025-08-04T00:49:14.027" /><!-- duration: 32ms -->
                <step title="starter.sh: no io activity for 366s, prev-cpu=46.610s, current-cpu=53.710s" date="2025-08-04T00:49:14.099" /><!-- duration: 58ms -->
              </step><!-- duration: 436617ms -->
              <step title="Triggering recycle (preview mode disabled)." date="2025-08-04T00:50:20.666" /><!-- duration: 10ms -->
              <step title="Modified file to trigger a restart of the app container." date="2025-08-04T00:50:20.735" /><!-- duration: 19ms -->
              <step title="Skip function trigger and logicapp sync because function is not enabled." date="2025-08-04T00:50:20.781" /><!-- duration: 13ms -->
            </step><!-- duration: 438222ms -->
          </step><!-- duration: 438493ms -->
          <step title="Cleaning up temp files" date="2025-08-04T00:50:21.549" /><!-- duration: 12ms -->
          <step title="Cleaning up temp files" date="2025-08-04T00:50:21.569" /><!-- duration: 521ms -->
          <step title="Reloading status file with latest updates" date="2025-08-04T00:50:22.109" >
            <step title="WebHooksManager.PublishEventAsync: PostDeployment" date="2025-08-04T00:50:22.123" /><!-- duration: 75ms -->
          </step><!-- duration: 94ms -->
          <step title="Cleaning up temporary deployment - fetch deployment was successful" date="2025-08-04T00:50:22.209" /><!-- duration: 2ms -->
        </step><!-- duration: 439408ms -->
      </step><!-- duration: 441292ms -->
