<step title="Incoming Request" date="2025-08-04T01:16:29.792" instance="a9435e" url="/api/deployments/latest?deployer=GITHUB_ZIP_DEPLOY&amp;time=2025-08-04_01-11-57Z" method="GET" type="request" pid="774,1,5" Host="acidtech-prod-app.scm.azurewebsites.net" User-Agent="GITHUBACTIONS_DeployWebAppToAzure_e958af9366e8395e6b2bb4507020a2fe0ec2784e8d610cec1db108700a017e44" Authorization="Bas..." Content-Type="application/json; charset=utf-8" Cookie="ARRAffinity=a9435e7d7a3e9b539a5af095a111213d4b0d6072fcd2fbc4d33c4b2c5ff53cab;Path=/;HttpOnly;Secure;Domain=acidtech-prod-app.scm.azurewebsites.net; ARRAffinitySameSite=a9435e7d7a3e9b539a5af095a111213d4b0d6072fcd2fbc4d33c4b2c5ff53cab;Path=/;HttpOnly;SameSite=None;Secure;Domain=acidtech-prod-app.scm.azurewebsites.net" Content-Length="0" X-ARR-LOG-ID="5ffa03fb-ecfa-49e6-9a60-18b63fca7e35" CLIENT-IP="64.236.177.3:40960" X-SITE-DEPLOYMENT-ID="acidtech-prod-app" WAS-DEFAULT-HOSTNAME="acidtech-prod-app.scm.azurewebsites.net" X-Forwarded-Proto="https" X-AppService-Proto="https" X-Forwarded-TlsVersion="1.3" X-WAWS-Unencoded-URL="/api/deployments/latest?deployer=GITHUB_ZIP_DEPLOY&amp;time=2025-08-04_01-11-57Z" X-Client-IP="64.236.177.3" X-Client-Port="40960" >
  <step title="Cleanup Xml Logs" date="2025-08-04T01:16:29.802" >
    <step title="Cleanup Infos" date="2025-08-04T01:16:29.920" totalFiles="465" totalCleanup="305" /><!-- duration: 40ms -->
  </step><!-- duration: 192ms -->
  <step title="DeploymentService.GetResult" date="2025-08-04T01:16:30.091" >
    <step title="DeploymentService.GetLatestDeployment" date="2025-08-04T01:16:30.100" >
      <step title="DeploymentManager.GetResults" date="2025-08-04T01:16:30.118" /><!-- duration: 1053ms -->
    </step><!-- duration: 1195ms -->
  </step><!-- duration: 1235ms -->
  <step title="Outgoing response" date="2025-08-04T01:16:31.443" type="response" statusCode="202" statusText="Accepted" /><!-- duration: 70ms -->
</step><!-- duration: 1788ms -->
