<step title="Incoming Request" date="2025-08-04T01:20:07.629" instance="a9435e" url="/api/deployments/latest?deployer=GITHUB_ZIP_DEPLOY&amp;time=2025-08-04_01-11-57Z" method="GET" type="request" pid="774,1,25" Host="acidtech-prod-app.scm.azurewebsites.net" User-Agent="GITHUBACTIONS_DeployWebAppToAzure_e958af9366e8395e6b2bb4507020a2fe0ec2784e8d610cec1db108700a017e44" Authorization="Bas..." Content-Type="application/json; charset=utf-8" Cookie="ARRAffinity=a9435e7d7a3e9b539a5af095a111213d4b0d6072fcd2fbc4d33c4b2c5ff53cab;Path=/;HttpOnly;Secure;Domain=acidtech-prod-app.scm.azurewebsites.net; ARRAffinitySameSite=a9435e7d7a3e9b539a5af095a111213d4b0d6072fcd2fbc4d33c4b2c5ff53cab;Path=/;HttpOnly;SameSite=None;Secure;Domain=acidtech-prod-app.scm.azurewebsites.net" Content-Length="0" X-ARR-LOG-ID="482ece7a-e095-4ec4-b1a3-ef1c64f64341" CLIENT-IP="64.236.177.3:40962" X-SITE-DEPLOYMENT-ID="acidtech-prod-app" WAS-DEFAULT-HOSTNAME="acidtech-prod-app.scm.azurewebsites.net" X-Forwarded-Proto="https" X-AppService-Proto="https" X-Forwarded-TlsVersion="1.3" X-WAWS-Unencoded-URL="/api/deployments/latest?deployer=GITHUB_ZIP_DEPLOY&amp;time=2025-08-04_01-11-57Z" X-Client-IP="64.236.177.3" X-Client-Port="40962" >
  <step title="Cleanup Xml Logs" date="2025-08-04T01:20:07.918" >
    <step title="Cleanup Infos" date="2025-08-04T01:20:09.238" totalFiles="484" totalCleanup="324" /><!-- duration: 340ms -->
  </step><!-- duration: 2195ms -->
  <step title="DeploymentService.GetResult" date="2025-08-04T01:20:11.587" >
    <step title="DeploymentService.GetLatestDeployment" date="2025-08-04T01:20:11.861" >
      <step title="DeploymentManager.GetResults" date="2025-08-04T01:20:12.205" /><!-- duration: 7331ms -->
    </step><!-- duration: 8108ms -->
  </step><!-- duration: 8609ms -->
  <step title="Outgoing response" date="2025-08-04T01:20:20.462" type="response" statusCode="202" statusText="Accepted" /><!-- duration: 279ms -->
</step><!-- duration: 13365ms -->
