<step title="Incoming Request" date="2025-08-04T00:43:29.155" instance="a9435e" url="/api/deployments/latest?deployer=GITHUB_ZIP_DEPLOY&amp;time=2025-08-04_00-41-48Z" method="GET" type="request" pid="774,1,19" Host="acidtech-prod-app.scm.azurewebsites.net" User-Agent="GITHUBACTIONS_DeployWebAppToAzure_e958af9366e8395e6b2bb4507020a2fe0ec2784e8d610cec1db108700a017e44" Authorization="Bas..." Content-Type="application/json; charset=utf-8" Cookie="ARRAffinity=a9435e7d7a3e9b539a5af095a111213d4b0d6072fcd2fbc4d33c4b2c5ff53cab;Path=/;HttpOnly;Secure;Domain=acidtech-prod-app.scm.azurewebsites.net; ARRAffinitySameSite=a9435e7d7a3e9b539a5af095a111213d4b0d6072fcd2fbc4d33c4b2c5ff53cab;Path=/;HttpOnly;SameSite=None;Secure;Domain=acidtech-prod-app.scm.azurewebsites.net" Content-Length="0" X-ARR-LOG-ID="6e69f5b0-950b-4daf-8623-2225a92e0b40" CLIENT-IP="52.159.228.211:22530" X-SITE-DEPLOYMENT-ID="acidtech-prod-app" WAS-DEFAULT-HOSTNAME="acidtech-prod-app.scm.azurewebsites.net" X-Forwarded-Proto="https" X-AppService-Proto="https" X-Forwarded-TlsVersion="1.3" X-WAWS-Unencoded-URL="/api/deployments/latest?deployer=GITHUB_ZIP_DEPLOY&amp;time=2025-08-04_00-41-48Z" X-Client-IP="52.159.228.211" X-Client-Port="22530" >
  <step title="Cleanup Xml Logs" date="2025-08-04T00:43:29.194" >
    <step title="Cleanup Infos" date="2025-08-04T00:43:29.286" totalFiles="361" totalCleanup="201" /><!-- duration: 28ms -->
  </step><!-- duration: 160ms -->
  <step title="DeploymentService.GetResult" date="2025-08-04T00:43:29.424" >
    <step title="DeploymentService.GetLatestDeployment" date="2025-08-04T00:43:29.435" >
      <step title="DeploymentManager.GetResults" date="2025-08-04T00:43:29.464" /><!-- duration: 1435ms -->
    </step><!-- duration: 1567ms -->
  </step><!-- duration: 1636ms -->
  <step title="Outgoing response" date="2025-08-04T00:43:31.139" type="response" statusCode="202" statusText="Accepted" /><!-- duration: 51ms -->
</step><!-- duration: 2090ms -->
