<step title="Incoming Request" date="2025-08-04T01:16:06.137" instance="a9435e" url="/api/deployments/latest?deployer=GITHUB_ZIP_DEPLOY&amp;time=2025-08-04_01-11-57Z" method="GET" type="request" pid="774,1,25" Host="acidtech-prod-app.scm.azurewebsites.net" User-Agent="GITHUBACTIONS_DeployWebAppToAzure_e958af9366e8395e6b2bb4507020a2fe0ec2784e8d610cec1db108700a017e44" Authorization="Bas..." Content-Type="application/json; charset=utf-8" Cookie="ARRAffinity=a9435e7d7a3e9b539a5af095a111213d4b0d6072fcd2fbc4d33c4b2c5ff53cab;Path=/;HttpOnly;Secure;Domain=acidtech-prod-app.scm.azurewebsites.net; ARRAffinitySameSite=a9435e7d7a3e9b539a5af095a111213d4b0d6072fcd2fbc4d33c4b2c5ff53cab;Path=/;HttpOnly;SameSite=None;Secure;Domain=acidtech-prod-app.scm.azurewebsites.net" Content-Length="0" X-ARR-LOG-ID="7cecfe96-af19-4b09-87f8-dd3eb50aaab7" CLIENT-IP="64.236.177.3:40962" X-SITE-DEPLOYMENT-ID="acidtech-prod-app" WAS-DEFAULT-HOSTNAME="acidtech-prod-app.scm.azurewebsites.net" X-Forwarded-Proto="https" X-AppService-Proto="https" X-Forwarded-TlsVersion="1.3" X-WAWS-Unencoded-URL="/api/deployments/latest?deployer=GITHUB_ZIP_DEPLOY&amp;time=2025-08-04_01-11-57Z" X-Client-IP="64.236.177.3" X-Client-Port="40962" >
  <step title="Cleanup Xml Logs" date="2025-08-04T01:16:06.196" >
    <step title="Cleanup Infos" date="2025-08-04T01:16:06.436" totalFiles="462" totalCleanup="302" /><!-- duration: 61ms -->
  </step><!-- duration: 312ms -->
  <step title="DeploymentService.GetResult" date="2025-08-04T01:16:06.557" >
    <step title="DeploymentService.GetLatestDeployment" date="2025-08-04T01:16:06.588" >
      <step title="DeploymentManager.GetResults" date="2025-08-04T01:16:06.628" /><!-- duration: 1836ms -->
    </step><!-- duration: 1935ms -->
  </step><!-- duration: 2028ms -->
  <step title="Outgoing response" date="2025-08-04T01:16:08.712" type="response" statusCode="202" statusText="Accepted" /><!-- duration: 56ms -->
</step><!-- duration: 2712ms -->
