<step title="Incoming Request" date="2025-08-03T23:01:37.088" instance="a9435e" url="/api/zipdeploy?isAsync=true" method="POST" type="request" pid="772,1,21" Accept="*/*" Host="acidtech-prod-app.scm.azurewebsites.net" User-Agent="AZURECLI/2.75.0 (MSI)" Accept-Encoding="gzip, deflate" Authorization="Bas..." Cache-Control="no-cache" Content-Type="application/octet-stream" Cookie="ARRAffinity=a9435e7d7a3e9b539a5af095a111213d4b0d6072fcd2fbc4d33c4b2c5ff53cab; ARRAffinitySameSite=a9435e7d7a3e9b539a5af095a111213d4b0d6072fcd2fbc4d33c4b2c5ff53cab" Content-Length="13698" x-ms-client-request-id="bd6746d9-70bd-11f0-bec0-9cb15093b0ab" x-ms-artifact-checksum="8c31d6fc996bf3a37046cbf9be9e3cbabaa805e56c4ab909cfc1fa28e133f3e7" X-ARR-LOG-ID="bd6746d9-70bd-11f0-bec0-9cb15093b0ab" CLIENT-IP="24.155.36.97:56237" X-SITE-DEPLOYMENT-ID="acidtech-prod-app" WAS-DEFAULT-HOSTNAME="acidtech-prod-app.scm.azurewebsites.net" X-Forwarded-Proto="https" X-AppService-Proto="https" X-Forwarded-TlsVersion="1.3" X-WAWS-Unencoded-URL="/api/zipdeploy?isAsync=true" X-Client-IP="24.155.36.97" X-Client-Port="56237" >
  <step title="ZipPushDeploy" date="2025-08-03T23:01:38.490" >
    <step title="ZipDeploy. Extract zip. Remote build." date="2025-08-03T23:01:38.560" /><!-- duration: 51ms -->
    <step title="None repository commit" date="2025-08-03T23:01:38.764" >
      <step title="Commit id: 04a9a836-2b4e-4911-9b1e-f867714bdc35" date="2025-08-03T23:01:38.833" Message="N/A" AuthorName="N/A" AuthorEmail="N/A" /><!-- duration: 31ms -->
    </step><!-- duration: 119ms -->
    <step title="Starting PushDeployAsync" date="2025-08-03T23:01:38.896" /><!-- duration: 67ms -->
    <step title="Writing artifact to /tmp/zipdeploy/bbf8af48-ba59-426e-8e57-e1e239e00a3d.zip" date="2025-08-03T23:01:39.034" >
      <step title="Writing multipart request body to /tmp/zipdeploy/bbf8af48-ba59-426e-8e57-e1e239e00a3d.zip" date="2025-08-03T23:01:39.053" /><!-- duration: 29ms -->
    </step><!-- duration: 673ms -->
    <step title="Removing previous build artifact&apos;s manifest file" date="2025-08-03T23:01:39.746" >
      <step title="None repository commit" date="2025-08-03T23:01:39.927" >
        <step title="Commit id: 04a9a836-2b4e-4911-9b1e-f867714bdc35" date="2025-08-03T23:01:40.084" Message="N/A" AuthorName="N/A" AuthorEmail="N/A" /><!-- duration: 17ms -->
      </step><!-- duration: 236ms -->
      <step title="Start deployment in the background" date="2025-08-03T23:01:40.197" >
        <step title="None repository commit" date="2025-08-03T23:01:40.602" >
          <step title="Commit id: 04a9a836-2b4e-4911-9b1e-f867714bdc35" date="2025-08-03T23:01:40.622" Message="N/A" AuthorName="N/A" AuthorEmail="N/A" /><!-- duration: 39ms -->
        </step><!-- duration: 88ms -->
        <step title="Acquiring Deployment Lock" date="2025-08-03T23:01:40.888" /><!-- duration: 11ms -->
        <step title="Cannot Acquire Deployment Lock already held" date="2025-08-03T23:01:40.977" /><!-- duration: 20ms -->
      </step><!-- duration: 1934ms -->
      <step title="There is a deployment currently in progress. Please try again when it completes." date="2025-08-03T23:01:42.208" /><!-- duration: 10ms -->
    </step><!-- duration: 2611ms -->
    <step title="Outgoing response" date="2025-08-03T23:01:42.819" type="response" statusCode="409" statusText="Conflict" /><!-- duration: 28ms -->
  </step><!-- duration: 4446ms -->
