<step title="Incoming Request" date="2025-08-04T00:26:27.942" instance="a9435e" url="/api/zipdeploy?isAsync=true&amp;deployer=GITHUB_ZIP_DEPLOY&amp;message=%7B%22type%22%3A%22deployment%22%2C%22sha%22%3A%22fb86e9d3a6ddb927f80f9e5dd2cdf362b494af3a%22%2C%22repoName%22%3A%22Jaimikoko%2FAcitechAppServ%22%2C%22actor%22%3A%22Jaimikoko%22%2C%22slotName%22%3A%22production%22%2C%22commitMessage%22%3A%22docs%3A%20Update%20all%20documentation%20for%20Flask%2FPython%20environment%5Cn%5Cn-%20Updated%20README.md%20with%20Flask%203.0.0%20and%20Python%203.11%20setup%20instructions%5Cn-%20Updated%20VALIDATION_CHECKLIST.md%20with%20Flask-specific%20validation%20steps%5Cn-%20Removed%20all%20Node.js%20references%20and%20replaced%20with%20Python%20Flask%20architecture%5Cn-%20Added%20comprehensive%20Flask%20API%20documentation%20and%20testing%20procedures%5Cn-%20Updated%20deployment%20workflows%20for%20Python%20runtime%5Cn%5Cn%F0%9F%A4%96%20Generated%20with%20%5BClaude%20Code%5D(https%3A%2F%2Fclaude.ai%2Fcode)%5Cn%5CnCo-Authored-By%3A%20Claude%20%3Cnoreply%40anthropic.com%3E%22%7D" method="POST" type="request" pid="774,1,7" Host="acidtech-prod-app.scm.azurewebsites.net" User-Agent="GITHUBACTIONS_DeployWebAppToAzure_e958af9366e8395e6b2bb4507020a2fe0ec2784e8d610cec1db108700a017e44" Authorization="Bas..." Content-Type="application/octet-stream" Cookie="ARRAffinity=a9435e7d7a3e9b539a5af095a111213d4b0d6072fcd2fbc4d33c4b2c5ff53cab;Path=/;HttpOnly;Secure;Domain=acidtech-prod-app.scm.azurewebsites.net; ARRAffinitySameSite=a9435e7d7a3e9b539a5af095a111213d4b0d6072fcd2fbc4d33c4b2c5ff53cab;Path=/;HttpOnly;SameSite=None;Secure;Domain=acidtech-prod-app.scm.azurewebsites.net" Transfer-Encoding="chunked" X-ARR-LOG-ID="8481145a-cfeb-4075-b6f9-fca66316074a" CLIENT-IP="64.236.153.83:51200" X-SITE-DEPLOYMENT-ID="acidtech-prod-app" WAS-DEFAULT-HOSTNAME="acidtech-prod-app.scm.azurewebsites.net" X-Forwarded-Proto="https" X-AppService-Proto="https" X-Forwarded-TlsVersion="1.3" X-WAWS-Unencoded-URL="/api/zipdeploy?isAsync=true&amp;deployer=GITHUB_ZIP_DEPLOY&amp;message=%7B%22type%22%3A%22deployment%22%2C%22sha%22%3A%22fb86e9d3a6ddb927f80f9e5dd2cdf362b494af3a%22%2C%22repoName%22%3A%22Jaimikoko%2FAcitechAppServ%22%2C%22actor%22%3A%22Jaimikoko%22%2C%22slotName%22%3A%22production%22%2C%22commitMessage%22%3A%22docs%3A%20Update%20all%20documentation%20for%20Flask%2FPython%20environment%5Cn%5Cn-%20Updated%20README.md%20with%20Flask%203.0.0%20and%20Python%203.11%20setup%20instructions%5Cn-%20Updated%20VALIDATION_CHECKLIST.md%20with%20Flask-specific%20validation%20steps%5Cn-%20Removed%20all%20Node.js%20references%20and%20replaced%20with%20Python%20Flask%20architecture%5Cn-%20Added%20comprehensive%20Flask%20API%20documentation%20and%20testing%20procedures%5Cn-%20Updated%20deployment%20workflows%20for%20Python%20runtime%5Cn%5Cn%F0%9F%A4%96%20Generated%20with%20%5BClaude%20Code%5D(https%3A%2F%2Fclaude.ai%2Fcode)%5Cn%5CnCo-Authored-By%3A%20Claude%20%3Cnoreply%40anthropic.com%3E%22%7D" X-Client-IP="64.236.153.83" X-Client-Port="51200" >
  <step title="Cleanup Xml Logs" date="2025-08-04T00:26:27.961" >
    <step title="Cleanup Infos" date="2025-08-04T00:26:28.030" totalFiles="310" totalCleanup="150" /><!-- duration: 3ms -->
  </step><!-- duration: 118ms -->
  <step title="ZipPushDeploy" date="2025-08-04T00:26:28.719" >
    <step title="ZipDeploy. Extract zip." date="2025-08-04T00:26:28.751" /><!-- duration: 2ms -->
    <step title="None repository commit" date="2025-08-04T00:26:28.768" >
      <step title="Commit id: c11a768c-dea6-4aef-a0ce-b31cae43860a" date="2025-08-04T00:26:28.770" Message="N/A" AuthorName="N/A" AuthorEmail="N/A" /><!-- duration: 2ms -->
    </step><!-- duration: 7ms -->
    <step title="Starting PushDeployAsync" date="2025-08-04T00:26:28.791" /><!-- duration: 9ms -->
    <step title="Writing artifact to /tmp/zipdeploy/afc23d8f-2a0c-4fa8-ad34-61a8245d1199.zip" date="2025-08-04T00:26:28.853" >
      <step title="Writing multipart request body to /tmp/zipdeploy/afc23d8f-2a0c-4fa8-ad34-61a8245d1199.zip" date="2025-08-04T00:26:28.879" /><!-- duration: 2ms -->
    </step><!-- duration: 1219ms -->
    <step title="Start deployment in the background" date="2025-08-04T00:26:30.100" >
      <step title="Acquiring Deployment Lock" date="2025-08-04T00:26:30.173" /><!-- duration: 2ms -->
      <step title="Acquired Deployment Lock" date="2025-08-04T00:26:30.249" /><!-- duration: 11ms -->
    </step><!-- duration: 356ms -->
  </step><!-- duration: 1777ms -->
  <step title="Outgoing response" date="2025-08-04T00:26:30.566" type="response" statusCode="202" statusText="Accepted" /><!-- duration: 3ms -->
</step><!-- duration: 2645ms -->
