<step title="Incoming Request" date="2025-08-03T23:03:23.198" instance="a9435e" url="/api/zipdeploy?isAsync=true&amp;deployer=GITHUB_ZIP_DEPLOY&amp;message=%7B%22type%22%3A%22deployment%22%2C%22sha%22%3A%223acd81fb54b69a2d94533c67c44c7fd2edf4b20e%22%2C%22repoName%22%3A%22Jaimikoko%2FAcitechAppServ%22%2C%22actor%22%3A%22Jaimikoko%22%2C%22slotName%22%3A%22production%22%2C%22commitMessage%22%3A%22fix%3A%20Remove%20Function%20App%20deployment%20from%20GitHub%20Actions%20workflow%5Cn%5Cn%F0%9F%94%A7%20Simplified%20workflow%20to%20deploy%20only%20Flask%20API%5Cn%E2%9C%85%20Removed%20Function%20App%20deployment%20step%20causing%20401%20error%5Cn%E2%9C%85%20Clean%20Flask-only%20deployment%20pipeline%5Cn%E2%9C%85%20Updated%20success%20notifications%20for%20Flask%20endpoints%5Cn%5Cn%F0%9F%A4%96%20Generated%20with%20%5BClaude%20Code%5D(https%3A%2F%2Fclaude.ai%2Fcode)%5Cn%5CnCo-Authored-By%3A%20Claude%20%3Cnoreply%40anthropic.com%3E%22%7D" method="POST" type="request" pid="772,1,3" Host="acidtech-prod-app.scm.azurewebsites.net" User-Agent="GITHUBACTIONS_DeployWebAppToAzure_e958af9366e8395e6b2bb4507020a2fe0ec2784e8d610cec1db108700a017e44" Authorization="Bas..." Content-Type="application/octet-stream" Cookie="ARRAffinity=a9435e7d7a3e9b539a5af095a111213d4b0d6072fcd2fbc4d33c4b2c5ff53cab;Path=/;HttpOnly;Secure;Domain=acidtech-prod-app.scm.azurewebsites.net; ARRAffinitySameSite=a9435e7d7a3e9b539a5af095a111213d4b0d6072fcd2fbc4d33c4b2c5ff53cab;Path=/;HttpOnly;SameSite=None;Secure;Domain=acidtech-prod-app.scm.azurewebsites.net" Transfer-Encoding="chunked" X-ARR-LOG-ID="9d6f55ba-ad85-4a1b-a548-bb2ffb5fcaee" CLIENT-IP="172.214.45.192:60416" X-SITE-DEPLOYMENT-ID="acidtech-prod-app" WAS-DEFAULT-HOSTNAME="acidtech-prod-app.scm.azurewebsites.net" X-Forwarded-Proto="https" X-AppService-Proto="https" X-Forwarded-TlsVersion="1.3" X-WAWS-Unencoded-URL="/api/zipdeploy?isAsync=true&amp;deployer=GITHUB_ZIP_DEPLOY&amp;message=%7B%22type%22%3A%22deployment%22%2C%22sha%22%3A%223acd81fb54b69a2d94533c67c44c7fd2edf4b20e%22%2C%22repoName%22%3A%22Jaimikoko%2FAcitechAppServ%22%2C%22actor%22%3A%22Jaimikoko%22%2C%22slotName%22%3A%22production%22%2C%22commitMessage%22%3A%22fix%3A%20Remove%20Function%20App%20deployment%20from%20GitHub%20Actions%20workflow%5Cn%5Cn%F0%9F%94%A7%20Simplified%20workflow%20to%20deploy%20only%20Flask%20API%5Cn%E2%9C%85%20Removed%20Function%20App%20deployment%20step%20causing%20401%20error%5Cn%E2%9C%85%20Clean%20Flask-only%20deployment%20pipeline%5Cn%E2%9C%85%20Updated%20success%20notifications%20for%20Flask%20endpoints%5Cn%5Cn%F0%9F%A4%96%20Generated%20with%20%5BClaude%20Code%5D(https%3A%2F%2Fclaude.ai%2Fcode)%5Cn%5CnCo-Authored-By%3A%20Claude%20%3Cnoreply%40anthropic.com%3E%22%7D" X-Client-IP="172.214.45.192" X-Client-Port="60416" >
  <step title="Cleanup Xml Logs" date="2025-08-03T23:03:23.237" >
    <step title="Cleanup Infos" date="2025-08-03T23:03:23.284" totalFiles="209" totalCleanup="49" /><!-- duration: 3ms -->
  </step><!-- duration: 58ms -->
  <step title="ZipPushDeploy" date="2025-08-03T23:03:23.334" >
    <step title="ZipDeploy. Extract zip. Remote build." date="2025-08-03T23:03:23.354" /><!-- duration: 10ms -->
    <step title="None repository commit" date="2025-08-03T23:03:23.372" >
      <step title="Commit id: e14e7c4a-6efc-4b97-af3d-586372c2e04b" date="2025-08-03T23:03:23.374" Message="N/A" AuthorName="N/A" AuthorEmail="N/A" /><!-- duration: 27ms -->
    </step><!-- duration: 32ms -->
    <step title="Starting PushDeployAsync" date="2025-08-03T23:03:23.412" /><!-- duration: 3ms -->
    <step title="Writing artifact to /tmp/zipdeploy/e27bcf75-e9dc-4a12-b060-1ae8ca70ef9e.zip" date="2025-08-03T23:03:23.433" >
      <step title="Writing multipart request body to /tmp/zipdeploy/e27bcf75-e9dc-4a12-b060-1ae8ca70ef9e.zip" date="2025-08-03T23:03:23.451" /><!-- duration: 2ms -->
    </step><!-- duration: 4144ms -->
    <step title="None repository commit" date="2025-08-03T23:03:27.647" >
      <step title="Commit id: e14e7c4a-6efc-4b97-af3d-586372c2e04b" date="2025-08-03T23:03:27.684" Message="N/A" AuthorName="N/A" AuthorEmail="N/A" /><!-- duration: 10ms -->
    </step><!-- duration: 50ms -->
    <step title="Start deployment in the background" date="2025-08-03T23:03:27.745" >
      <step title="None repository commit" date="2025-08-03T23:03:27.973" >
        <step title="Commit id: e14e7c4a-6efc-4b97-af3d-586372c2e04b" date="2025-08-03T23:03:27.982" Message="N/A" AuthorName="N/A" AuthorEmail="N/A" /><!-- duration: 3ms -->
      </step><!-- duration: 22ms -->
      <step title="Acquiring Deployment Lock" date="2025-08-03T23:03:28.012" /><!-- duration: 3ms -->
      <step title="Cannot Acquire Deployment Lock already held" date="2025-08-03T23:03:28.063" /><!-- duration: 11ms -->
    </step><!-- duration: 429ms -->
    <step title="There is a deployment currently in progress. Please try again when it completes." date="2025-08-03T23:03:28.193" /><!-- duration: 19ms -->
  </step><!-- duration: 4917ms -->
  <step title="Outgoing response" date="2025-08-03T23:03:28.273" type="response" statusCode="409" statusText="Conflict" /><!-- duration: 20ms -->
</step><!-- duration: 5152ms -->
