<step title="Incoming Request" date="2025-08-04T01:14:33.596" instance="a9435e" url="/api/deployments/latest?deployer=GITHUB_ZIP_DEPLOY&amp;time=2025-08-04_01-11-57Z" method="GET" type="request" pid="774,1,30" Host="acidtech-prod-app.scm.azurewebsites.net" User-Agent="GITHUBACTIONS_DeployWebAppToAzure_e958af9366e8395e6b2bb4507020a2fe0ec2784e8d610cec1db108700a017e44" Authorization="Bas..." Content-Type="application/json; charset=utf-8" Cookie="ARRAffinity=a9435e7d7a3e9b539a5af095a111213d4b0d6072fcd2fbc4d33c4b2c5ff53cab;Path=/;HttpOnly;Secure;Domain=acidtech-prod-app.scm.azurewebsites.net; ARRAffinitySameSite=a9435e7d7a3e9b539a5af095a111213d4b0d6072fcd2fbc4d33c4b2c5ff53cab;Path=/;HttpOnly;SameSite=None;Secure;Domain=acidtech-prod-app.scm.azurewebsites.net" Content-Length="0" X-ARR-LOG-ID="d1130bbf-9c3b-4082-b9ef-6ee45fe830a3" CLIENT-IP="64.236.177.3:40962" X-SITE-DEPLOYMENT-ID="acidtech-prod-app" WAS-DEFAULT-HOSTNAME="acidtech-prod-app.scm.azurewebsites.net" X-Forwarded-Proto="https" X-AppService-Proto="https" X-Forwarded-TlsVersion="1.3" X-WAWS-Unencoded-URL="/api/deployments/latest?deployer=GITHUB_ZIP_DEPLOY&amp;time=2025-08-04_01-11-57Z" X-Client-IP="64.236.177.3" X-Client-Port="40962" >
  <step title="Cleanup Xml Logs" date="2025-08-04T01:14:33.667" >
    <step title="Cleanup Infos" date="2025-08-04T01:14:34.298" totalFiles="450" totalCleanup="290" /><!-- duration: 42ms -->
  </step><!-- duration: 691ms -->
  <step title="DeploymentService.GetResult" date="2025-08-04T01:14:34.660" >
    <step title="DeploymentService.GetLatestDeployment" date="2025-08-04T01:14:34.700" >
      <step title="DeploymentManager.GetResults" date="2025-08-04T01:14:34.742" /><!-- duration: 2162ms -->
    </step><!-- duration: 2360ms -->
  </step><!-- duration: 2483ms -->
  <step title="Outgoing response" date="2025-08-04T01:14:37.269" type="response" statusCode="202" statusText="Accepted" /><!-- duration: 80ms -->
</step><!-- duration: 3822ms -->
