<step title="Incoming Request" date="2025-08-03T23:05:09.864" instance="a9435e" url="/api/deployments/latest?deployer=GitHub&amp;time=2025-08-03_22-59-27Z" method="GET" type="request" pid="772,1,20" Host="acidtech-prod-app.scm.azurewebsites.net" User-Agent="Azure-WebSites-Controller/104.0.7.211" Authorization="Bas..." x-ms-request-id="aa779ac7-8d08-4f9b-8eea-bb12f6fa935f" X-ARR-LOG-ID="aa779ac7-8d08-4f9b-8eea-bb12f6fa935f" CLIENT-IP="13.89.172.8:31682" X-SITE-DEPLOYMENT-ID="acidtech-prod-app" WAS-DEFAULT-HOSTNAME="acidtech-prod-app.scm.azurewebsites.net" X-MS-PLATFORM-INTERNAL="True" X-Forwarded-Proto="https" X-AppService-Proto="https" X-Forwarded-TlsVersion="1.3" X-WAWS-Unencoded-URL="/api/deployments/latest?deployer=GitHub&amp;time=2025-08-03_22-59-27Z" X-Client-IP="13.89.172.8" X-Client-Port="31682" >
  <step title="Cleanup Xml Logs" date="2025-08-03T23:05:09.874" >
    <step title="Cleanup Infos" date="2025-08-03T23:05:09.915" totalFiles="242" totalCleanup="82" /><!-- duration: 20ms -->
  </step><!-- duration: 79ms -->
  <step title="DeploymentService.GetResult" date="2025-08-03T23:05:09.965" >
    <step title="DeploymentService.GetLatestDeployment" date="2025-08-03T23:05:09.974" >
      <step title="DeploymentManager.GetResults" date="2025-08-03T23:05:09.983" /><!-- duration: 448ms -->
    </step><!-- duration: 477ms -->
  </step><!-- duration: 498ms -->
  <step title="Outgoing response" date="2025-08-03T23:05:10.491" type="response" statusCode="202" statusText="Accepted" /><!-- duration: 12ms -->
</step><!-- duration: 649ms -->
