﻿<?xml version="1.0" encoding="utf-8"?>
<deployment>
  <id>c11a768c-dea6-4aef-a0ce-b31cae43860a</id>
  <author>N/A</author>
  <deployer>GITHUB_ZIP_DEPLOY</deployer>
  <authorEmail>N/A</authorEmail>
  <message>{"type":"deployment","sha":"fb86e9d3a6ddb927f80f9e5dd2cdf362b494af3a","repoName":"Jaimikoko/AcitechAppServ","actor":"Jaimikoko","slotName":"production","commitMessage":"docs: Update all documentation for Flask/Python environment\n\n- Updated README.md with Flask 3.0.0 and Python 3.11 setup instructions\n- Updated VALIDATION_CHECKLIST.md with Flask-specific validation steps\n- Removed all Node.js references and replaced with Python Flask architecture\n- Added comprehensive Flask API documentation and testing procedures\n- Updated deployment workflows for Python runtime\n\n🤖 Generated with [Claude Code](https://claude.ai/code)\n\nCo-Authored-By: Claude &lt;noreply@anthropic.com&gt;"}</message>
  <progress></progress>
  <status>Success</status>
  <statusText></statusText>
  <lastSuccessEndTime>2025-08-04T00:30:19.7113494Z</lastSuccessEndTime>
  <receivedTime>2025-08-04T00:26:47.6988199Z</receivedTime>
  <startTime>2025-08-04T00:26:49.1697301Z</startTime>
  <endTime>2025-08-04T00:30:19.7113494Z</endTime>
  <complete>True</complete>
  <is_temp>False</is_temp>
  <is_readonly>True</is_readonly>
  <buildSummary />
</deployment>