﻿<?xml version="1.0" encoding="utf-8"?>
<deployment>
  <id>05a41f62-74ed-4ae3-8893-4328bfac76cd</id>
  <author>N/A</author>
  <deployer>GITHUB_ZIP_DEPLOY</deployer>
  <authorEmail>N/A</authorEmail>
  <message>{"type":"deployment","sha":"68a488cb0b551c2f749f5e972914d4f8e15bac77","repoName":"Jaimikoko/AcitechAppServ","actor":"Jaimikoko","slotName":"production","commitMessage":"fix: Correct YAML indentation in GitHub Actions workflow\n\n- Fixed indentation for all steps in the workflow\n- Resolves syntax warnings in VS Code/GitHub\n- All steps now properly aligned under 'steps:' with 6-space indentation\n- Deployment action should now execute without YAML syntax issues\n\n🤖 Generated with [Claude Code](https://claude.ai/code)\n\nCo-Authored-By: Claude &lt;noreply@anthropic.com&gt;"}</message>
  <progress></progress>
  <status>Success</status>
  <statusText></statusText>
  <lastSuccessEndTime>2025-08-04T03:10:10.2689535Z</lastSuccessEndTime>
  <receivedTime>2025-08-04T02:59:52.0389045Z</receivedTime>
  <startTime>2025-08-04T02:59:53.6876498Z</startTime>
  <endTime>2025-08-04T03:10:10.2689535Z</endTime>
  <complete>True</complete>
  <is_temp>False</is_temp>
  <is_readonly>True</is_readonly>
  <buildSummary />
</deployment>