﻿<?xml version="1.0" encoding="utf-8"?>
<deployment>
  <id>387aedbf-457b-4333-b396-2f6a22e682e1</id>
  <author>N/A</author>
  <deployer>GITHUB_ZIP_DEPLOY</deployer>
  <authorEmail>N/A</authorEmail>
  <message>{"type":"deployment","sha":"6d23b82649f93614c4f785f9b75892e7434f7c63","repoName":"Jaimikoko/AcitechAppServ","actor":"Jaimikoko","slotName":"production","commitMessage":"fix: Rename workflow to Azure App Service required filename\n\nCRITICAL FIX for Azure deployment:\n- Renamed azure-deploy.yml → main_acidtech-prod-app.yml\n- Azure App Service requires this exact filename format\n- File path: .github/workflows/main_acidtech-prod-app.yml\n\nThis resolves deployment issues where Azure couldn't find the workflow file.\n\n🤖 Generated with [Claude Code](https://claude.ai/code)\n\nCo-Authored-By: Claude &lt;noreply@anthropic.com&gt;"}</message>
  <progress></progress>
  <status>Success</status>
  <statusText></statusText>
  <lastSuccessEndTime>2025-08-04T01:46:57.4536391Z</lastSuccessEndTime>
  <receivedTime>2025-08-04T01:38:37.8908488Z</receivedTime>
  <startTime>2025-08-04T01:38:39.3627702Z</startTime>
  <endTime>2025-08-04T01:46:57.4536391Z</endTime>
  <complete>True</complete>
  <is_temp>False</is_temp>
  <is_readonly>True</is_readonly>
  <buildSummary />
</deployment>