﻿<?xml version="1.0" encoding="utf-8"?>
<deployment>
  <id>ee440d07-31d8-44f0-88e8-00f44c7337b2</id>
  <author>N/A</author>
  <deployer>GITHUB_ZIP_DEPLOY</deployer>
  <authorEmail>N/A</authorEmail>
  <message>{"type":"deployment","sha":"0dfdd3c343826f6eb21bdc67769f86c107aeb324","repoName":"Jaimikoko/AcitechAppServ","actor":"Jaimikoko","slotName":"production","commitMessage":"feat: Complete Flask project structure with full MVC architecture\n\nFLASK STRUCTURE COMPLETED (100%):\n\n🏗️ Core Architecture:\n- Flask factory pattern with environment-based configuration\n- Comprehensive config.py with dev/prod/test environments\n- Updated .env with development settings\n- Enhanced requirements.txt with all necessary dependencies\n\n📊 Data Models (MVC):\n- BaseModel: Common functionality for all models\n- User: Azure AD B2C integration with roles and preferences\n- Transaction: Financial transactions with validation and categorization\n- PurchaseOrder: Full procurement workflow with approval system\n- SystemLog: Comprehensive audit trail and monitoring\n\n🛣️ API Routes (Blueprints):\n- Enhanced with proper error handling and validation\n- Maintained existing auth, transactions, purchase-orders, system-logs endpoints\n- Ready for middleware integration\n\n⚙️ Business Services:\n- AuthService: Azure AD B2C token validation and user management\n- DatabaseService: Azure SQL/SQLite integrati"}</message>
  <progress></progress>
  <status>Success</status>
  <statusText></statusText>
  <lastSuccessEndTime>2025-08-04T00:50:21.280154Z</lastSuccessEndTime>
  <receivedTime>2025-08-04T00:43:01.2687336Z</receivedTime>
  <startTime>2025-08-04T00:43:02.7179941Z</startTime>
  <endTime>2025-08-04T00:50:21.280154Z</endTime>
  <complete>True</complete>
  <is_temp>False</is_temp>
  <is_readonly>True</is_readonly>
  <buildSummary />
</deployment>